App_Name,Review_Text,Star_Rating,Timestamp,App_Source,Cleaned_Review
AarogyaSetu,app login problem,1,2026-05-16 11:37:33,AarogyaSetu,app login problem
AarogyaSetu,best,5,2026-05-14 19:50:24,AarogyaSetu,best
AarogyaSetu,is there anything new?,4,2026-05-13 05:03:45,AarogyaSetu,is there anything new
AarogyaSetu,good,5,2026-05-13 00:46:04,AarogyaSetu,good
AarogyaSetu,Sir maine divice change Kiya hai to ye app ab mere mobile Mai chal nahi Raha hai mera same email id hai phir bhi nahi chal Raha hai,5,2026-05-10 20:48:39,AarogyaSetu,sir maine divice change kiya hai to ye app ab mere mobile mai chal nahi raha hai mera same email id hai phir bhi nahi chal raha hai
AarogyaSetu,"The app fails to start even after 24 hours of downtime. Only throws ""there is some error logging you in"" ur way without providing step-by-step ways to resolve the issue. For the record, I have done everything to make the app work. Turning on bluetooth & location, syncing the date with the network. etc.",1,2026-05-10 06:19:26,AarogyaSetu,the app fails to start even after 24 hours of downtime only throws there is some error logging you in ur way without providing stepbystep ways to resolve the issue for the record i have done everything to make the app work turning on bluetooth  location syncing the date with the network etc
AarogyaSetu,nor work,1,2026-05-09 17:59:49,AarogyaSetu,nor work
AarogyaSetu,Cannot login,1,2026-05-08 03:49:55,AarogyaSetu,cannot login
AarogyaSetu,very good,4,2026-05-06 10:59:23,AarogyaSetu,very good
AarogyaSetu,good app,5,2026-05-06 10:21:24,AarogyaSetu,good app
AarogyaSetu,"It's almost been 3.5 years Since Pandemic went away, this app has 100M+ download, why to not take advantage? why don't start monitering different types of virals? or just this app into a Fitness utility🤦🏻",1,2026-05-06 09:17:42,AarogyaSetu,its almost been 35 years since pandemic went away this app has 100m download why to not take advantage why dont start monitering different types of virals or just this app into a fitness utility
AarogyaSetu,all is well,5,2026-05-05 16:04:52,AarogyaSetu,all is well
AarogyaSetu,app is good. But not able to log in for last few months. No customer care no available. Do not know whom to approach.🙁,4,2026-05-02 10:40:06,AarogyaSetu,app is good but not able to log in for last few months no customer care no available do not know whom to approach
AarogyaSetu,excellent,5,2026-05-02 09:53:31,AarogyaSetu,excellent
AarogyaSetu,its not taking the phone number which was set. some glitch,1,2026-04-29 17:28:19,AarogyaSetu,its not taking the phone number which was set some glitch
AarogyaSetu,exclant,5,2026-04-28 19:46:18,AarogyaSetu,exclant
AarogyaSetu,"bad experience, its not even working properly",1,2026-04-28 11:01:06,AarogyaSetu,bad experience its not even working properly
AarogyaSetu,"The worst application ever doesn't even open, I don't know why the government just makes things which don't work it's just a waste of money and the way to make people fool",1,2026-04-28 10:52:40,AarogyaSetu,the worst application ever doesnt even open i dont know why the government just makes things which dont work its just a waste of money and the way to make people fool
AarogyaSetu,good aap,5,2026-04-27 02:39:29,AarogyaSetu,good aap
AarogyaSetu,good,4,2026-04-26 17:17:51,AarogyaSetu,good
AarogyaSetu,"Unable to login with the app. I tried reinstalling and installing several times with even a few days of gap, it is still throwing the same error of unable to login when I put in my mobile number. I restarted my phone also still no use. Please solve this error asap and let me know a solution to login",1,2026-04-24 06:39:57,AarogyaSetu,unable to login with the app i tried reinstalling and installing several times with even a few days of gap it is still throwing the same error of unable to login when i put in my mobile number i restarted my phone also still no use please solve this error asap and let me know a solution to login
AarogyaSetu,good,5,2026-04-23 23:05:39,AarogyaSetu,good
AarogyaSetu,very good,5,2026-04-23 21:47:45,AarogyaSetu,very good
AarogyaSetu,I can't login because it's very difficult to get the documents the have error in login signup in app and even on website no source to even reach out to them,1,2026-04-21 10:24:25,AarogyaSetu,i cant login because its very difficult to get the documents the have error in login signup in app and even on website no source to even reach out to them
AarogyaSetu,one of the most likely worsts app login errors dear dmch team kindly better your apps experience,1,2026-04-20 11:38:18,AarogyaSetu,one of the most likely worsts app login errors dear dmch team kindly better your apps experience
AarogyaSetu,App shows error in while logging in,1,2026-04-19 14:58:52,AarogyaSetu,app shows error in while logging in
AarogyaSetu,useless app hire me will make better than this,1,2026-04-17 23:06:22,AarogyaSetu,useless app hire me will make better than this
AarogyaSetu,this app isn't working.,1,2026-04-16 08:47:55,AarogyaSetu,this app isnt working
AarogyaSetu,not complete,1,2026-04-10 02:45:33,AarogyaSetu,not complete
AarogyaSetu,very good sarvice,5,2026-04-06 14:20:19,AarogyaSetu,very good sarvice
AarogyaSetu,"Aarogya Setu is a very useful and important app that played a key role during the COVID-19 pandemic. It helped people stay informed about health updates and stay safe with timely alerts and information. This app proved that developers and authorities are capable of creating such impactful and helpful applications when needed. It showed how technology can be used effectively for public safety and awareness. Overall, a great initiative and a very helpful app.",5,2026-04-06 01:15:23,AarogyaSetu,aarogya setu is a very useful and important app that played a key role during the covid19 pandemic it helped people stay informed about health updates and stay safe with timely alerts and information this app proved that developers and authorities are capable of creating such impactful and helpful applications when needed it showed how technology can be used effectively for public safety and awareness overall a great initiative and a very helpful app
AarogyaSetu,bekar,1,2026-04-03 12:06:47,AarogyaSetu,bekar
AarogyaSetu,"The app is great! But I am trying to log into the app after a long time and when I submit my registered phone number, it says something went wrong, but won't explain what! So ultimately I am unable to login!! Please advise",4,2026-04-02 23:04:40,AarogyaSetu,the app is great but i am trying to log into the app after a long time and when i submit my registered phone number it says something went wrong but wont explain what so ultimately i am unable to login please advise
AarogyaSetu,good,5,2026-04-02 16:12:00,AarogyaSetu,good
AarogyaSetu,not able to login as its throwing technical error..waste app,1,2026-04-01 18:14:36,AarogyaSetu,not able to login as its throwing technical errorwaste app
AarogyaSetu,Good Application.,5,2026-03-31 22:23:18,AarogyaSetu,good application
AarogyaSetu,good 👍,5,2026-03-31 18:04:07,AarogyaSetu,good
AarogyaSetu,good,5,2026-03-31 11:56:36,AarogyaSetu,good
AarogyaSetu,""" there's some error in logging you "" error",1,2026-03-30 15:14:05,AarogyaSetu,theres some error in logging you  error
AarogyaSetu,there's a glitch in your app for the log in problem,1,2026-03-23 21:02:25,AarogyaSetu,theres a glitch in your app for the log in problem
AarogyaSetu,worrest app not working,1,2026-03-22 12:36:43,AarogyaSetu,worrest app not working
AarogyaSetu,very bad experience,1,2026-03-20 00:52:35,AarogyaSetu,very bad experience
AarogyaSetu,no service yet 🌝,1,2026-03-19 14:19:38,AarogyaSetu,no service yet
AarogyaSetu,good,5,2026-03-18 23:16:45,AarogyaSetu,good
AarogyaSetu,so Beautiful aarogya Setu app,5,2026-03-14 21:59:26,AarogyaSetu,so beautiful aarogya setu app
AarogyaSetu,it always log in issues. don't know what they have made,1,2026-03-13 16:29:51,AarogyaSetu,it always log in issues dont know what they have made
AarogyaSetu,"Not able to login. after entering number getting an error ""There is some error logging you in""",1,2026-03-12 21:59:03,AarogyaSetu,not able to login after entering number getting an error there is some error logging you in
AarogyaSetu,Very nice.,5,2026-03-12 14:33:47,AarogyaSetu,very nice
AarogyaSetu,not working,1,2026-03-12 01:04:46,AarogyaSetu,not working
AarogyaSetu,does this app works now ?,3,2026-03-09 19:10:11,AarogyaSetu,does this app works now
AarogyaSetu,jago desh wasion jago yeh app login kyoun nahi ho Raha hai daal main kuch kala hai barbad ho gaya jindagi hum sabka kamal ka ped lagake,1,2026-03-08 15:51:51,AarogyaSetu,jago desh wasion jago yeh app login kyoun nahi ho raha hai daal main kuch kala hai barbad ho gaya jindagi hum sabka kamal ka ped lagake
AarogyaSetu,nice,5,2026-03-07 15:50:46,AarogyaSetu,nice
AarogyaSetu,Good Apps,5,2026-03-07 04:00:35,AarogyaSetu,good apps
AarogyaSetu,very poor service,1,2026-03-05 11:13:27,AarogyaSetu,very poor service
AarogyaSetu,this ap is amazing all protected,5,2026-03-03 20:59:25,AarogyaSetu,this ap is amazing all protected
AarogyaSetu,unable to Login. has become very glitchy. no update. bad care of the app when not needed. need to take this seriously,1,2026-03-02 21:22:50,AarogyaSetu,unable to login has become very glitchy no update bad care of the app when not needed need to take this seriously
AarogyaSetu,Good,4,2026-03-02 16:24:14,AarogyaSetu,good
AarogyaSetu,unable to register due to error in dialing mobile number,1,2026-03-02 15:43:34,AarogyaSetu,unable to register due to error in dialing mobile number
AarogyaSetu,error logging in,1,2026-02-28 23:03:55,AarogyaSetu,error logging in
AarogyaSetu,"not able to login with POCO F6, Getting login error",3,2026-02-28 09:39:27,AarogyaSetu,not able to login with poco f6 getting login error
AarogyaSetu,"Struggling with this app for last 3 days on different devices, Unable to login. also cleared cache and memory but still not working. ""There is some error logging you in""",1,2026-02-27 20:35:08,AarogyaSetu,struggling with this app for last 3 days on different devices unable to login also cleared cache and memory but still not working there is some error logging you in
AarogyaSetu,App is facing error and its crashing,1,2026-02-25 07:50:02,AarogyaSetu,app is facing error and its crashing
AarogyaSetu,nice app.,5,2026-02-24 22:14:46,AarogyaSetu,nice app
AarogyaSetu,pigs and dog should not make apps because they can't make workable app.,1,2026-02-24 12:49:28,AarogyaSetu,pigs and dog should not make apps because they cant make workable app
AarogyaSetu,Very Nice ♥️♥️🇮🇳🇮🇳 App,5,2026-02-23 08:21:48,AarogyaSetu,very nice  app
AarogyaSetu,पिछले 1 महीने से लॉगिन करने की कोशिश कर रहा हूं लॉगिन ही नहीं हो रहा है तो इस हिसाब से ये ऐप कोई काम का नहीं है।,1,2026-02-21 06:55:39,AarogyaSetu,पछल 1 महन स लगन करन क कशश कर रह ह लगन ह नह ह रह ह त इस हसब स य ऐप कई कम क नह ह
AarogyaSetu,Login page not working and flashing continuously. Seems an error which is unresolved for months now. Uninstalling for now.,1,2026-02-20 23:18:12,AarogyaSetu,login page not working and flashing continuously seems an error which is unresolved for months now uninstalling for now
AarogyaSetu,excellent,5,2026-02-19 13:54:48,AarogyaSetu,excellent
AarogyaSetu,good,5,2026-02-18 14:25:28,AarogyaSetu,good
AarogyaSetu,nice,5,2026-02-17 19:19:12,AarogyaSetu,nice
AarogyaSetu,not working,1,2026-02-14 16:36:01,AarogyaSetu,not working
AarogyaSetu,"unable to login to my account. It says "" There is some error login you in"". pls help",1,2026-02-13 20:35:36,AarogyaSetu,unable to login to my account it says  there is some error login you in pls help
AarogyaSetu,health benefits coverby govt,5,2026-02-11 23:40:30,AarogyaSetu,health benefits coverby govt
AarogyaSetu,"useless app, not logging",1,2026-02-11 09:28:38,AarogyaSetu,useless app not logging
AarogyaSetu,आगे क्या होगा एप्प काम नही कर रहा है,3,2026-02-09 23:16:15,AarogyaSetu,आग कय हग एपप कम नह कर रह ह
AarogyaSetu,"while registering, and entering mobile no page, page is flashing violently, seems like a bug in it.",1,2026-02-07 12:58:57,AarogyaSetu,while registering and entering mobile no page page is flashing violently seems like a bug in it
AarogyaSetu,"""There is some error logging you"" This issue is not resolved. Whenever try to login, it is failing, saying the above issue. please resolve the issue. Regards Tried several times. Still 'There is some error logging you'. please resolve Regards",1,2026-02-06 07:29:52,AarogyaSetu,there is some error logging you this issue is not resolved whenever try to login it is failing saying the above issue please resolve the issue regards tried several times still there is some error logging you please resolve regards
AarogyaSetu,Login problem,4,2026-02-05 16:55:29,AarogyaSetu,login problem
AarogyaSetu,app not working,1,2026-02-03 21:25:50,AarogyaSetu,app not working
AarogyaSetu,login issue,1,2026-02-02 11:43:13,AarogyaSetu,login issue
AarogyaSetu,not usefull 🤨,1,2026-02-01 12:50:53,AarogyaSetu,not usefull
AarogyaSetu,good,5,2026-01-28 19:57:41,AarogyaSetu,good
AarogyaSetu,"pathetic app, cannot login",1,2026-01-27 10:15:51,AarogyaSetu,pathetic app cannot login
AarogyaSetu,Very useful health app from the government! Aarogya Setu has been extremely helpful for managing my health records digitally. The ABHA creation process is straightforward and the app makes it easy to access health records from different hospitals in one place. The interface is clean and user-friendly. I particularly appreciate the vaccine certificate feature and the ability to share health records securely with doctors. The scan and share feature at hospitals works smoothly for OPD registration.,4,2026-01-25 10:31:19,AarogyaSetu,very useful health app from the government aarogya setu has been extremely helpful for managing my health records digitally the abha creation process is straightforward and the app makes it easy to access health records from different hospitals in one place the interface is clean and userfriendly i particularly appreciate the vaccine certificate feature and the ability to share health records securely with doctors the scan and share feature at hospitals works smoothly for opd registration
AarogyaSetu,Very Nice App,4,2026-01-25 10:07:43,AarogyaSetu,very nice app
AarogyaSetu,login issues,1,2026-01-23 06:34:14,AarogyaSetu,login issues
AarogyaSetu,facing deficulty in login,3,2026-01-21 01:38:05,AarogyaSetu,facing deficulty in login
AarogyaSetu,unable to login to the application at all.,1,2026-01-19 12:02:01,AarogyaSetu,unable to login to the application at all
AarogyaSetu,not able to login. there is some error logging you in.,3,2026-01-19 10:03:40,AarogyaSetu,not able to login there is some error logging you in
AarogyaSetu,GOOD,5,2026-01-18 18:00:24,AarogyaSetu,good
AarogyaSetu,"I am not able to login the app. whenever I am trying to login the app it shows following error "" there is some error occur"". please do the needful.",2,2026-01-17 10:25:09,AarogyaSetu,i am not able to login the app whenever i am trying to login the app it shows following error  there is some error occur please do the needful
AarogyaSetu,its not working,1,2026-01-16 15:29:24,AarogyaSetu,its not working
AarogyaSetu,Good,5,2026-01-13 20:50:59,AarogyaSetu,good
AarogyaSetu,something wrong the app not accept phone number very worst,1,2026-01-12 06:39:31,AarogyaSetu,something wrong the app not accept phone number very worst
AarogyaSetu,EXCELLENT APP,5,2026-01-09 13:51:15,AarogyaSetu,excellent app
AarogyaSetu,The app can't be used.,1,2026-01-09 11:44:37,AarogyaSetu,the app cant be used
AarogyaSetu,not able to login still working or not,3,2026-01-08 06:19:08,AarogyaSetu,not able to login still working or not
AarogyaSetu,doesnt let me log in,1,2026-01-06 09:47:37,AarogyaSetu,doesnt let me log in
AarogyaSetu,useless app,1,2026-01-04 11:19:10,AarogyaSetu,useless app
AarogyaSetu,Very good app,5,2026-01-04 02:18:37,AarogyaSetu,very good app
AarogyaSetu,very poor and fake app,1,2025-12-30 23:04:51,AarogyaSetu,very poor and fake app
AarogyaSetu,Didn't know why on the login page the app started flickering and didn't respond. I request if the necessity of the app is no more then the should also be no more,1,2025-12-30 17:29:33,AarogyaSetu,didnt know why on the login page the app started flickering and didnt respond i request if the necessity of the app is no more then the should also be no more
AarogyaSetu,very good,5,2025-12-30 16:24:59,AarogyaSetu,very good
AarogyaSetu,"The report of this app is an approximate review, the report in this app is not completely sure.",5,2025-12-28 23:43:58,AarogyaSetu,the report of this app is an approximate review the report in this app is not completely sure
AarogyaSetu,Nice application,5,2025-12-28 19:41:48,AarogyaSetu,nice application
AarogyaSetu,can not log in,1,2025-12-26 06:14:34,AarogyaSetu,can not log in
AarogyaSetu,not working,1,2025-12-24 06:05:45,AarogyaSetu,not working
AarogyaSetu,logging problem 😖,1,2025-12-20 14:10:18,AarogyaSetu,logging problem
AarogyaSetu,There is a login issue with the app. It says failed to login and doesn't allow to be used,1,2025-12-20 01:53:21,AarogyaSetu,there is a login issue with the app it says failed to login and doesnt allow to be used
AarogyaSetu,"Frustrating . No matter what I do or try, I can't even login. All I see is the error message "" there was an error logging you in """,1,2025-12-18 12:44:25,AarogyaSetu,frustrating  no matter what i do or try i cant even login all i see is the error message  there was an error logging you in
AarogyaSetu,not well satisfaction,3,2025-12-18 01:31:33,AarogyaSetu,not well satisfaction
AarogyaSetu,worst app not at all logging in.,1,2025-12-17 18:44:05,AarogyaSetu,worst app not at all logging in
AarogyaSetu,Hari om,4,2025-12-16 23:04:32,AarogyaSetu,hari om
AarogyaSetu,useless app not able to login past 6 months,1,2025-12-16 22:41:16,AarogyaSetu,useless app not able to login past 6 months
AarogyaSetu,exellent,5,2025-12-10 19:11:41,AarogyaSetu,exellent
AarogyaSetu,Login issue error,1,2025-12-10 15:39:12,AarogyaSetu,login issue error
AarogyaSetu,this application waste lots off my time and still not logging please remove this app in playstore or update this app to proper work,1,2025-12-10 02:31:21,AarogyaSetu,this application waste lots off my time and still not logging please remove this app in playstore or update this app to proper work
AarogyaSetu,unable to login trying different timings multiple times no use,1,2025-12-09 22:49:17,AarogyaSetu,unable to login trying different timings multiple times no use
AarogyaSetu,ಸ್ಕ್ಯಾಮ್ ಜನಗಳಿಗೆ ಬುದ್ಧಿ ಕಲಿ ಅಂತ ಹೇಳಿ ಡಾಟಾ ಯಲ್ಲ ರಿಕವರಿ ಮಾಡಿದ್ದಾರೆ.,1,2025-12-09 07:21:01,AarogyaSetu,ಸಕಯಮ ಜನಗಳಗ ಬದಧ ಕಲ ಅತ ಹಳ ಡಟ ಯಲಲ ರಕವರ ಮಡದದರ
AarogyaSetu,not able to login,1,2025-12-08 10:12:30,AarogyaSetu,not able to login
AarogyaSetu,friends is godgift,5,2025-12-07 18:57:18,AarogyaSetu,friends is godgift
AarogyaSetu,erro to login why I couldn't understand,2,2025-12-06 21:40:18,AarogyaSetu,erro to login why i couldnt understand
AarogyaSetu,very baddddd,1,2025-12-06 10:18:57,AarogyaSetu,very baddddd
AarogyaSetu,verry bed service,2,2025-12-05 11:48:25,AarogyaSetu,verry bed service
AarogyaSetu,stopped working now. another one of those govt brainwaves that go down the gutter. future of Sanchar Sathi. All noise,1,2025-12-02 19:21:40,AarogyaSetu,stopped working now another one of those govt brainwaves that go down the gutter future of sanchar sathi all noise
AarogyaSetu,it doesn't install another mobile,1,2025-11-30 16:52:19,AarogyaSetu,it doesnt install another mobile
AarogyaSetu,app not working,1,2025-11-29 13:17:22,AarogyaSetu,app not working
AarogyaSetu,worest,1,2025-11-28 22:46:00,AarogyaSetu,worest
AarogyaSetu,nice,5,2025-11-28 13:02:52,AarogyaSetu,nice
AarogyaSetu,"App crashing after location permission, then after entering mobile number, it's unable to login.",1,2025-11-26 18:25:49,AarogyaSetu,app crashing after location permission then after entering mobile number its unable to login
AarogyaSetu,very bad koi bhi govt hospital ki report open nhi hoti hai,1,2025-11-25 19:50:00,AarogyaSetu,very bad koi bhi govt hospital ki report open nhi hoti hai
AarogyaSetu,having problem in login is the error,1,2025-11-24 21:05:16,AarogyaSetu,having problem in login is the error
AarogyaSetu,Unable to use the app because its crashed on the very first page,1,2025-11-24 11:30:28,AarogyaSetu,unable to use the app because its crashed on the very first page
AarogyaSetu,awesome 👍,5,2025-11-21 11:48:46,AarogyaSetu,awesome
AarogyaSetu,🥰 Very Nice App 🥰 ...,5,2025-11-19 21:28:46,AarogyaSetu,very nice app
AarogyaSetu,bad,1,2025-11-19 02:19:29,AarogyaSetu,bad
AarogyaSetu,ekdam bakwas app hai open hi nahi hota hai,1,2025-11-18 23:47:23,AarogyaSetu,ekdam bakwas app hai open hi nahi hota hai
AarogyaSetu,"Not able to proceed when I click ""I Agree"" since 3 days. when I put mobile number, it shows ""error logging you in"". what's wrong with the application? Update- another week passed, and the issue is not resolved.",1,2025-11-18 11:44:21,AarogyaSetu,not able to proceed when i click i agree since 3 days when i put mobile number it shows error logging you in whats wrong with the application update another week passed and the issue is not resolved
AarogyaSetu,nahi chahiye,1,2025-11-16 20:26:36,AarogyaSetu,nahi chahiye
AarogyaSetu,unable to login... kindly support,1,2025-11-14 15:36:57,AarogyaSetu,unable to login kindly support
AarogyaSetu,not working,1,2025-11-13 08:59:53,AarogyaSetu,not working
AarogyaSetu,can't login by mobile number it is showing something is error...,1,2025-11-08 09:37:09,AarogyaSetu,cant login by mobile number it is showing something is error
AarogyaSetu,unable to login app after updating plz help,3,2025-11-06 20:13:42,AarogyaSetu,unable to login app after updating plz help
AarogyaSetu,I can not even log in,1,2025-11-06 18:13:04,AarogyaSetu,i can not even log in
AarogyaSetu,"This app is not working. Tried better and better connectivity network,",1,2025-11-06 14:55:51,AarogyaSetu,this app is not working tried better and better connectivity network
AarogyaSetu,FALTU AAP KONI BANAVALA BE,1,2025-11-05 13:46:53,AarogyaSetu,faltu aap koni banavala be
AarogyaSetu,Worst app that I have ever used. I can't even login,1,2025-11-04 14:15:27,AarogyaSetu,worst app that i have ever used i cant even login
AarogyaSetu,not able to open my account at all,1,2025-11-03 23:59:56,AarogyaSetu,not able to open my account at all
AarogyaSetu,love it,5,2025-11-03 11:58:59,AarogyaSetu,love it
AarogyaSetu,dumbass app,1,2025-11-03 10:11:56,AarogyaSetu,dumbass app
AarogyaSetu,nice app,5,2025-11-03 07:29:55,AarogyaSetu,nice app
AarogyaSetu,bakwas,1,2025-10-29 17:06:12,AarogyaSetu,bakwas
AarogyaSetu,"This app logs out occassionally and then always gives error for login with mobile number. The error says - There is some error logging you in. Where as we input correct number, but error is consistent and we also tried logging with many other phone numbers of family members and friends, on their respective devices. Everyone facing the same logging issue. Please check",1,2025-10-27 17:03:55,AarogyaSetu,this app logs out occassionally and then always gives error for login with mobile number the error says  there is some error logging you in where as we input correct number but error is consistent and we also tried logging with many other phone numbers of family members and friends on their respective devices everyone facing the same logging issue please check
AarogyaSetu,not able to log in through the app,1,2025-10-25 18:44:00,AarogyaSetu,not able to log in through the app
AarogyaSetu,"Worst app in the world, they are not able to fix login problem for last 5 years. Does Indian government doesn't pay them or are they corrupted to their core. Please fix these small bugs.",1,2025-10-25 18:21:46,AarogyaSetu,worst app in the world they are not able to fix login problem for last 5 years does indian government doesnt pay them or are they corrupted to their core please fix these small bugs
AarogyaSetu,I cannot log in app.. Please fix it,5,2025-10-25 07:03:04,AarogyaSetu,i cannot log in app please fix it
AarogyaSetu,showing error while logging in,1,2025-10-24 09:34:44,AarogyaSetu,showing error while logging in
AarogyaSetu,not interested.,1,2025-10-23 12:14:50,AarogyaSetu,not interested
AarogyaSetu,This App Has An Log In Issues For Past 4 years But Still Having Same issue 😶😕 This Is Called Government App 🤔,1,2025-10-21 23:09:29,AarogyaSetu,this app has an log in issues for past 4 years but still having same issue  this is called government app
AarogyaSetu,log in problem ho raha hai,1,2025-10-21 21:34:24,AarogyaSetu,log in problem ho raha hai
AarogyaSetu,Most useful.,5,2025-10-20 09:20:43,AarogyaSetu,most useful
AarogyaSetu,fail to login mobile no not get when login,3,2025-10-19 07:38:37,AarogyaSetu,fail to login mobile no not get when login
AarogyaSetu,Good,5,2025-10-18 14:03:52,AarogyaSetu,good
AarogyaSetu,Very nice app,5,2025-10-18 11:28:39,AarogyaSetu,very nice app
AarogyaSetu,Indian aap,5,2025-10-17 15:54:29,AarogyaSetu,indian aap
AarogyaSetu,",z DX a",5,2025-10-17 15:35:05,AarogyaSetu,z dx a
AarogyaSetu,unable to login due to technical issues,1,2025-10-15 12:54:19,AarogyaSetu,unable to login due to technical issues
AarogyaSetu,"not accepting mobile number, login issue",1,2025-10-14 11:41:49,AarogyaSetu,not accepting mobile number login issue
AarogyaSetu,not working no logging app,1,2025-10-14 09:32:20,AarogyaSetu,not working no logging app
AarogyaSetu,Great 👍,5,2025-10-12 16:20:25,AarogyaSetu,great
AarogyaSetu,"Resoected Sir/Madam, Previously Arogya Setu working well but now when I submit my phone No , it did not working after that.",5,2025-10-12 08:07:19,AarogyaSetu,resoected sirmadam previously arogya setu working well but now when i submit my phone no  it did not working after that
AarogyaSetu,cannot login,1,2025-10-10 15:24:54,AarogyaSetu,cannot login
AarogyaSetu,"Error login even after multiple tries. If the app is used as reference for international purposes, it should run smoothly.",1,2025-10-08 22:48:26,AarogyaSetu,error login even after multiple tries if the app is used as reference for international purposes it should run smoothly
AarogyaSetu,I'm not login my account,1,2025-10-06 20:16:03,AarogyaSetu,im not login my account
AarogyaSetu,does not work. error logging in. worthless,1,2025-10-05 11:58:00,AarogyaSetu,does not work error logging in worthless
AarogyaSetu,"worst app when i installed it it started on off on off my screen and not giving to type my mobile number, i think developed by 10 th class student",1,2025-10-04 16:59:48,AarogyaSetu,worst app when i installed it it started on off on off my screen and not giving to type my mobile number i think developed by 10 th class student
AarogyaSetu,"Sir, I am facing login problem. My mobile number doesn't accept and show ' some error ' 😭😭",1,2025-10-04 05:09:40,AarogyaSetu,sir i am facing login problem my mobile number doesnt accept and show  some error
AarogyaSetu,veery bad service,1,2025-10-03 20:14:36,AarogyaSetu,veery bad service
AarogyaSetu,"Experiencing ""some error logging you in"". Nothing seems to fix it. Major inconvenience.",1,2025-10-02 21:28:14,AarogyaSetu,experiencing some error logging you in nothing seems to fix it major inconvenience
AarogyaSetu,There is some error trying logging you. This is coming inthe red words when i try to log in with my mobile number.,1,2025-09-30 12:52:30,AarogyaSetu,there is some error trying logging you this is coming inthe red words when i try to log in with my mobile number
AarogyaSetu,I see a lot of bugs while launching the app. It is not taking the mobile number at the same time it is falling,1,2025-09-27 09:37:00,AarogyaSetu,i see a lot of bugs while launching the app it is not taking the mobile number at the same time it is falling
AarogyaSetu,unable to login,1,2025-09-24 19:07:46,AarogyaSetu,unable to login
AarogyaSetu,not submitted mobile number for use of application,1,2025-09-24 18:00:30,AarogyaSetu,not submitted mobile number for use of application
AarogyaSetu,"hi sir, is this service stopped. we were regularly using this it was really helpful",4,2025-09-23 12:30:52,AarogyaSetu,hi sir is this service stopped we were regularly using this it was really helpful
AarogyaSetu,"can't even start always the same error while Login there is some error logging you in, useless app",1,2025-09-21 17:45:37,AarogyaSetu,cant even start always the same error while login there is some error logging you in useless app
AarogyaSetu,useless,1,2025-09-21 02:10:53,AarogyaSetu,useless
AarogyaSetu,cannot enter details. phone keyboard continuously up and down,1,2025-09-20 17:49:03,AarogyaSetu,cannot enter details phone keyboard continuously up and down
AarogyaSetu,tik hui,5,2025-09-20 15:28:18,AarogyaSetu,tik hui
AarogyaSetu,There is some error logging you in- after entering mobile number and hitting the submit button can't even log in Best part is the Developer Never responds to any feedback,1,2025-09-18 20:15:59,AarogyaSetu,there is some error logging you in after entering mobile number and hitting the submit button cant even log in best part is the developer never responds to any feedback
AarogyaSetu,app is not letting me log in using my mobile number. It says something went wrong.,1,2025-09-16 10:39:35,AarogyaSetu,app is not letting me log in using my mobile number it says something went wrong
AarogyaSetu,log in problem,1,2025-09-14 14:41:04,AarogyaSetu,log in problem
AarogyaSetu,useless no use login error,1,2025-09-14 09:27:30,AarogyaSetu,useless no use login error
AarogyaSetu,Login issue,1,2025-09-13 09:45:00,AarogyaSetu,login issue
AarogyaSetu,First Covishield was done on 4th March and second one on 15th April but still only provisional certificate is issued,5,2025-09-12 16:12:08,AarogyaSetu,first covishield was done on 4th march and second one on 15th april but still only provisional certificate is issued
AarogyaSetu,unable to login. says some error in logging in. but not other option to resolve. please take initiative,1,2025-09-11 12:13:35,AarogyaSetu,unable to login says some error in logging in but not other option to resolve please take initiative
AarogyaSetu,bad experience,1,2025-09-10 11:08:09,AarogyaSetu,bad experience
AarogyaSetu,stopped working,1,2025-09-09 20:39:04,AarogyaSetu,stopped working
AarogyaSetu,not working,1,2025-09-09 10:17:13,AarogyaSetu,not working
AarogyaSetu,this app glitch slow n error no response from server,1,2025-09-08 19:45:24,AarogyaSetu,this app glitch slow n error no response from server
AarogyaSetu,*No improvement at all in last 5 years. Read my post sent below. After submitting a number you do not send OPP to registered mobile !! Wonder !!!* Contributing button does not work. So one cannot register himself or herself. By mistake if we come in contact will the alarm ring ? What way it will inform ? Arogya setu is not working. 3/4 days ago it was working. Definitely some virus has infected the app itself. Please rectify urgently.,2,2025-09-08 18:43:31,AarogyaSetu,no improvement at all in last 5 years read my post sent below after submitting a number you do not send opp to registered mobile  wonder  contributing button does not work so one cannot register himself or herself by mistake if we come in contact will the alarm ring  what way it will inform  arogya setu is not working 34 days ago it was working definitely some virus has infected the app itself please rectify urgently
AarogyaSetu,worst app. login problem,1,2025-09-08 10:16:25,AarogyaSetu,worst app login problem
AarogyaSetu,not working,1,2025-09-07 16:20:00,AarogyaSetu,not working
AarogyaSetu,not work at all.idk why ?,1,2025-09-07 15:14:26,AarogyaSetu,not work at allidk why
AarogyaSetu,unable to log in,1,2025-09-07 05:43:08,AarogyaSetu,unable to log in
AarogyaSetu,not working,1,2025-09-06 17:19:03,AarogyaSetu,not working
AarogyaSetu,Very nice,5,2025-09-05 22:57:45,AarogyaSetu,very nice
AarogyaSetu,not working in 2025 i am unable to download my vaccine certificate.,1,2025-09-03 20:22:13,AarogyaSetu,not working in 2025 i am unable to download my vaccine certificate
AarogyaSetu,it simply doesn't allow login after agreeing to terms and conditions,1,2025-09-03 12:13:57,AarogyaSetu,it simply doesnt allow login after agreeing to terms and conditions
AarogyaSetu,"Right now ,I need my vaccination certificated and i am not able to log in this app ,why?",1,2025-09-02 14:15:51,AarogyaSetu,right now i need my vaccination certificated and i am not able to log in this app why
AarogyaSetu,not working,1,2025-09-01 20:50:23,AarogyaSetu,not working
AarogyaSetu,i am unable to login using mobile number and same things happen with my husband and other family members.,3,2025-09-01 17:26:59,AarogyaSetu,i am unable to login using mobile number and same things happen with my husband and other family members
AarogyaSetu,every time when try to login error,1,2025-09-01 11:52:22,AarogyaSetu,every time when try to login error
AarogyaSetu,"this app is not providing proper service to their users I can't even login into app after agreed to location and T&C the app ask to enter the mob no. but after that i am getting an error message ""there is some error logging you in"" How to login now? please see into it and resolve asap",1,2025-09-01 02:25:17,AarogyaSetu,this app is not providing proper service to their users i cant even login into app after agreed to location and tc the app ask to enter the mob no but after that i am getting an error message there is some error logging you in how to login now please see into it and resolve asap
AarogyaSetu,it is not working at all pathetic service no one available on phone support.is this digital India or joke?,1,2025-08-31 19:14:50,AarogyaSetu,it is not working at all pathetic service no one available on phone supportis this digital india or joke
AarogyaSetu,government Ne is app ko band kar diya aur covin wale website ko bhi band kar diya hai,1,2025-08-31 16:34:09,AarogyaSetu,government ne is app ko band kar diya aur covin wale website ko bhi band kar diya hai
AarogyaSetu,remove the login glitch,1,2025-08-30 22:31:32,AarogyaSetu,remove the login glitch
AarogyaSetu,don't download plz 🙏,1,2025-08-30 12:34:14,AarogyaSetu,dont download plz
AarogyaSetu,Horrible. Didn't expect this from this Government.,1,2025-08-29 14:24:13,AarogyaSetu,horrible didnt expect this from this government
AarogyaSetu,jab se aaya tab se ab tak login error hi sahi nhi hua pta nhi govt kese aap develop kerti hai,1,2025-08-29 10:45:10,AarogyaSetu,jab se aaya tab se ab tak login error hi sahi nhi hua pta nhi govt kese aap develop kerti hai
AarogyaSetu,unable to login.,1,2025-08-28 23:50:08,AarogyaSetu,unable to login
AarogyaSetu,app is not open,1,2025-08-28 16:27:26,AarogyaSetu,app is not open
AarogyaSetu,always down,1,2025-08-28 16:16:44,AarogyaSetu,always down
AarogyaSetu,"this app allways issue show ""thee is some error login you in "" I try 3 month regular but same issues show all time .wrost app 😡😡",1,2025-08-28 12:17:08,AarogyaSetu,this app allways issue show thee is some error login you in  i try 3 month regular but same issues show all time wrost app
AarogyaSetu,App is unable to send OTP and I am not able to login in the APP.,4,2025-08-28 09:21:04,AarogyaSetu,app is unable to send otp and i am not able to login in the app
AarogyaSetu,App is not working,1,2025-08-27 18:31:51,AarogyaSetu,app is not working
AarogyaSetu,App crashes after agreeing to the terms and conditions.,1,2025-08-27 10:26:32,AarogyaSetu,app crashes after agreeing to the terms and conditions
AarogyaSetu,"सहस्त्र कोटि चरणस्पर्श,, प्रणाम,, शुभकामनाएं एवं बधाई!!",5,2025-08-26 19:26:33,AarogyaSetu,सहसतर कट चरणसपरश परणम शभकमनए एव बधई
AarogyaSetu,not working at all,1,2025-08-26 16:17:00,AarogyaSetu,not working at all
AarogyaSetu,worst app previously i signed up with my number here but now I am not able to login as well as not able signup total waste of time,1,2025-08-26 14:29:16,AarogyaSetu,worst app previously i signed up with my number here but now i am not able to login as well as not able signup total waste of time
AarogyaSetu,most useless app man I can't even log in why india cannot make a proper one app,1,2025-08-26 12:58:07,AarogyaSetu,most useless app man i cant even log in why india cannot make a proper one app
AarogyaSetu,I don't like it when I try to log in and it says error,1,2025-08-25 00:45:15,AarogyaSetu,i dont like it when i try to log in and it says error
AarogyaSetu,Login problem,3,2025-08-24 23:12:42,AarogyaSetu,login problem
AarogyaSetu,worst app 5 year mee aaj tk server thik nhi hua always showing error,1,2025-08-24 20:57:19,AarogyaSetu,worst app 5 year mee aaj tk server thik nhi hua always showing error
AarogyaSetu,never accept a 10 digit number very poor service,1,2025-08-23 18:57:09,AarogyaSetu,never accept a 10 digit number very poor service
AarogyaSetu,trash application. it doesn't open. the government only makes people fool.,1,2025-08-23 00:52:46,AarogyaSetu,trash application it doesnt open the government only makes people fool
AarogyaSetu,I am unable to logging in aarogya setu app for a long time,1,2025-08-22 13:39:18,AarogyaSetu,i am unable to logging in aarogya setu app for a long time
AarogyaSetu,"I am getting problem while logging in this app many times, error comes again and again",1,2025-08-22 12:20:01,AarogyaSetu,i am getting problem while logging in this app many times error comes again and again
AarogyaSetu,not working,1,2025-08-22 11:50:07,AarogyaSetu,not working
AarogyaSetu,not working,1,2025-08-21 21:17:41,AarogyaSetu,not working
AarogyaSetu,it's not working seems nowadays. I downloaded again and it's not accepting mobile number also and says error occurs,1,2025-08-21 17:45:24,AarogyaSetu,its not working seems nowadays i downloaded again and its not accepting mobile number also and says error occurs
AarogyaSetu,not able to login error show.. there is some error login you,1,2025-08-21 17:25:52,AarogyaSetu,not able to login error show there is some error login you
AarogyaSetu,good,5,2025-08-21 15:49:45,AarogyaSetu,good
AarogyaSetu,"not able login, tried so many times. pls help",1,2025-08-21 15:43:29,AarogyaSetu,not able login tried so many times pls help
AarogyaSetu,app hi oepn nhi ho raha hai,1,2025-08-21 15:08:01,AarogyaSetu,app hi oepn nhi ho raha hai
AarogyaSetu,Login problem,1,2025-08-20 16:32:54,AarogyaSetu,login problem
AarogyaSetu,Application crashes whenever tried to login at the point when mobile no is asked for login .,3,2025-08-20 12:42:34,AarogyaSetu,application crashes whenever tried to login at the point when mobile no is asked for login
AarogyaSetu,this app is not work login issue please check the problems and resolve,1,2025-08-19 16:01:34,AarogyaSetu,this app is not work login issue please check the problems and resolve
AarogyaSetu,There is some error logging you in I- I keep getting this message. It doesn't say what error or how I can fix it.,1,2025-08-19 09:49:13,AarogyaSetu,there is some error logging you in i i keep getting this message it doesnt say what error or how i can fix it
AarogyaSetu,not able to login with mobile number pls help and fix,1,2025-08-18 23:52:49,AarogyaSetu,not able to login with mobile number pls help and fix
AarogyaSetu,facing problem in login,2,2025-08-18 16:06:22,AarogyaSetu,facing problem in login
AarogyaSetu,very nice,4,2025-08-18 13:20:02,AarogyaSetu,very nice
AarogyaSetu,i am unable to login,1,2025-08-18 12:55:57,AarogyaSetu,i am unable to login
AarogyaSetu,very bad aap,1,2025-08-18 11:03:17,AarogyaSetu,very bad aap
AarogyaSetu,not able to login,1,2025-08-17 23:44:19,AarogyaSetu,not able to login
AarogyaSetu,wrost app can't login into app,1,2025-08-17 09:32:43,AarogyaSetu,wrost app cant login into app
AarogyaSetu,login error 😞,1,2025-08-16 12:45:34,AarogyaSetu,login error
AarogyaSetu,This app crashes suddenly and shows errors when I try to log in.,1,2025-08-16 10:13:14,AarogyaSetu,this app crashes suddenly and shows errors when i try to log in
AarogyaSetu,sorry,1,2025-08-15 20:27:14,AarogyaSetu,sorry
AarogyaSetu,what a nonsense and buggy app why does all govt apps are not working,1,2025-08-15 20:12:44,AarogyaSetu,what a nonsense and buggy app why does all govt apps are not working
AarogyaSetu,not able to login,1,2025-08-15 15:44:35,AarogyaSetu,not able to login
AarogyaSetu,worst app cant even login at first,1,2025-08-15 15:00:00,AarogyaSetu,worst app cant even login at first
AarogyaSetu,Good 👍,5,2025-08-14 17:33:50,AarogyaSetu,good
AarogyaSetu,if it is discontinued why is it still here. doesn't work anyways.,1,2025-08-14 12:38:37,AarogyaSetu,if it is discontinued why is it still here doesnt work anyways
AarogyaSetu,worst app don't open always shown error,1,2025-08-14 11:29:51,AarogyaSetu,worst app dont open always shown error
AarogyaSetu,very bad in log in disgusting,1,2025-08-13 09:10:08,AarogyaSetu,very bad in log in disgusting
AarogyaSetu,Please fix your servers first,1,2025-08-13 08:10:13,AarogyaSetu,please fix your servers first
AarogyaSetu,good work app,5,2025-08-13 06:26:52,AarogyaSetu,good work app
AarogyaSetu,sucks,1,2025-08-12 21:14:49,AarogyaSetu,sucks
AarogyaSetu,we have experience error in logging up please fix this issue 😔,1,2025-08-12 15:48:24,AarogyaSetu,we have experience error in logging up please fix this issue
AarogyaSetu,unable to login,1,2025-08-12 15:08:16,AarogyaSetu,unable to login
AarogyaSetu,fails to even start,1,2025-08-12 00:54:29,AarogyaSetu,fails to even start
AarogyaSetu,My name is Vandana . I'm from Karnataka.I'm not able use arogya setu app because it's showing logging in problem. I hope that you will solve my problem as soon as possible.,3,2025-08-11 21:06:40,AarogyaSetu,my name is vandana  im from karnatakaim not able use arogya setu app because its showing logging in problem i hope that you will solve my problem as soon as possible
AarogyaSetu,is app doesn't even login to the actual homepage,1,2025-08-11 17:38:41,AarogyaSetu,is app doesnt even login to the actual homepage
AarogyaSetu,"useless app, it goverment app and not working",1,2025-08-11 16:02:04,AarogyaSetu,useless app it goverment app and not working
AarogyaSetu,Waste,1,2025-08-11 15:58:56,AarogyaSetu,waste
AarogyaSetu,good,4,2025-08-11 13:37:23,AarogyaSetu,good
AarogyaSetu,nice,5,2025-08-11 12:41:38,AarogyaSetu,nice
AarogyaSetu,Not able to login,1,2025-08-11 11:23:05,AarogyaSetu,not able to login
AarogyaSetu,Beautiful app.I am RRJB of the army.I am a sanyasi holy men.,5,2025-08-11 10:29:41,AarogyaSetu,beautiful appi am rrjb of the armyi am a sanyasi holy men
AarogyaSetu,app not working,1,2025-08-10 22:34:08,AarogyaSetu,app not working
AarogyaSetu,no support....phone number provided is not valid,1,2025-08-10 11:13:54,AarogyaSetu,no supportphone number provided is not valid
AarogyaSetu,Full of bugs not able to open the app,1,2025-08-09 16:30:25,AarogyaSetu,full of bugs not able to open the app
AarogyaSetu,Is server down?,2,2025-08-09 10:40:40,AarogyaSetu,is server down
AarogyaSetu,unable to login,1,2025-08-08 19:41:39,AarogyaSetu,unable to login
AarogyaSetu,app not staring showing some log in error,1,2025-08-08 08:45:18,AarogyaSetu,app not staring showing some log in error
AarogyaSetu,not working,1,2025-08-08 06:36:14,AarogyaSetu,not working
AarogyaSetu,my life is sef tx for you,5,2025-08-07 20:39:52,AarogyaSetu,my life is sef tx for you
AarogyaSetu,otp verification hote hi nahi hai,1,2025-08-07 17:01:31,AarogyaSetu,otp verification hote hi nahi hai
AarogyaSetu,great experience,4,2025-08-07 16:31:56,AarogyaSetu,great experience
AarogyaSetu,I'm trying to login app but it's showing error after mobile number update,1,2025-08-07 11:15:04,AarogyaSetu,im trying to login app but its showing error after mobile number update
AarogyaSetu,showing error while login,1,2025-08-06 11:10:19,AarogyaSetu,showing error while login
AarogyaSetu,the worst app exist in playstore. not able to login.,1,2025-08-06 08:22:17,AarogyaSetu,the worst app exist in playstore not able to login
AarogyaSetu,very bad app khultu j nathi,1,2025-08-05 21:47:09,AarogyaSetu,very bad app khultu j nathi
AarogyaSetu,not working please improve it,2,2025-08-05 15:12:33,AarogyaSetu,not working please improve it
AarogyaSetu,Not able to login.,1,2025-08-04 23:53:17,AarogyaSetu,not able to login
AarogyaSetu,what's the use if I can't login and download certificate in times of urgency,1,2025-08-04 14:55:11,AarogyaSetu,whats the use if i cant login and download certificate in times of urgency
AarogyaSetu,Good,5,2025-08-04 14:47:32,AarogyaSetu,good
AarogyaSetu,"Respected sir) mam, This app is not working, pl solve this issue as soon as possible tnk u sir/mam Jai Hind Saab.",5,2025-08-04 13:59:29,AarogyaSetu,respected sir mam this app is not working pl solve this issue as soon as possible tnk u sirmam jai hind saab
AarogyaSetu,Nice,5,2025-08-04 12:45:35,AarogyaSetu,nice
AarogyaSetu,not working.please solve the problem,1,2025-08-03 18:17:41,AarogyaSetu,not workingplease solve the problem
AarogyaSetu,not working,1,2025-08-03 13:05:40,AarogyaSetu,not working
AarogyaSetu,appreciated and good for people living india,5,2025-08-03 08:18:22,AarogyaSetu,appreciated and good for people living india
AarogyaSetu,it's A Nice One ..,5,2025-08-02 11:17:42,AarogyaSetu,its a nice one
AarogyaSetu,ನಾಟ್ ಓಪನ್,5,2025-08-02 01:01:23,AarogyaSetu,ನಟ ಓಪನ
AarogyaSetu,I haven't even entered my mobile number and it's crashing out non stop,1,2025-08-01 15:53:45,AarogyaSetu,i havent even entered my mobile number and its crashing out non stop
AarogyaSetu,My registered mobile no.is not accepting. please suggest.,2,2025-08-01 15:22:36,AarogyaSetu,my registered mobile nois not accepting please suggest
AarogyaSetu,unable to enter phone number. screen is flickering,1,2025-07-31 13:34:36,AarogyaSetu,unable to enter phone number screen is flickering
AarogyaSetu,showing error most of the times unable to login,1,2025-07-30 22:10:17,AarogyaSetu,showing error most of the times unable to login
AarogyaSetu,i am not able to login to in this app,1,2025-07-30 13:24:25,AarogyaSetu,i am not able to login to in this app
AarogyaSetu,login error ... unable to log in plz fix your app,1,2025-07-29 20:03:40,AarogyaSetu,login error  unable to log in plz fix your app
AarogyaSetu,It id failed to logging you in after 48 hours ago,1,2025-07-29 19:16:19,AarogyaSetu,it id failed to logging you in after 48 hours ago
AarogyaSetu,"good an animation touch with good health's indication-exercisization main view about real an age off health this must concentrating value combination health circle arogya mition """"really good about health mention",4,2025-07-29 18:52:50,AarogyaSetu,good an animation touch with good healths indicationexercisization main view about real an age off health this must concentrating value combination health circle arogya mition really good about health mention
AarogyaSetu,I've logging error problem please fix it..,2,2025-07-29 14:03:31,AarogyaSetu,ive logging error problem please fix it
AarogyaSetu,good,5,2025-07-29 08:19:55,AarogyaSetu,good
AarogyaSetu,not working,1,2025-07-28 20:22:54,AarogyaSetu,not working
AarogyaSetu,अभी चल नहीं रहा है लॉगइन भी नहीं हो रहा है 3 महीने से,5,2025-07-27 22:37:25,AarogyaSetu,अभ चल नह रह ह लगइन भ नह ह रह ह 3 महन स
AarogyaSetu,screen blinking when try to register,1,2025-07-27 09:38:30,AarogyaSetu,screen blinking when try to register
AarogyaSetu,very bad,1,2025-07-27 04:11:43,AarogyaSetu,very bad
AarogyaSetu,I'm not able to login.my pgi entrance test made it compulsory to have login to it .but it's not happening.😭 I'm am afraid that I'll not eligible 😭,1,2025-07-26 17:31:52,AarogyaSetu,im not able to loginmy pgi entrance test made it compulsory to have login to it but its not happening im am afraid that ill not eligible
AarogyaSetu,"The app fails to start even after 18 hours of downtime. Only throws ""there is some error logging you in"" ur way without providing step-by-step ways to resolve the issue. A simple Google search tells u people have been posting stopgap measures for this problem since 2021 and the app devs have still yet to address the core problem. For the record, I have done everything to make the app work. Turning on bluetooth & location, syncing the date with the network, etc.",1,2025-07-26 09:46:42,AarogyaSetu,the app fails to start even after 18 hours of downtime only throws there is some error logging you in ur way without providing stepbystep ways to resolve the issue a simple google search tells u people have been posting stopgap measures for this problem since 2021 and the app devs have still yet to address the core problem for the record i have done everything to make the app work turning on bluetooth  location syncing the date with the network etc
AarogyaSetu,मेरे फोन में य़ह aarogya app open nhi ho rha hai.,4,2025-07-25 12:29:01,AarogyaSetu,मर फन म यह aarogya app open nhi ho rha hai
AarogyaSetu,problem in login,1,2025-07-25 09:29:35,AarogyaSetu,problem in login
AarogyaSetu,"Only showing ""There is some error logging you in""",1,2025-07-24 10:46:13,AarogyaSetu,only showing there is some error logging you in
AarogyaSetu,Good,3,2025-07-22 22:36:53,AarogyaSetu,good
AarogyaSetu,"I am unable to login in app, as soon as I open the app and terms and conditions after i agree it opens a window or UI for entering mobile number and as I fill it in and submit I get an error "" There is some error logging you in"". and I also tried reinstalling the app but it's still the same error",1,2025-07-22 12:15:38,AarogyaSetu,i am unable to login in app as soon as i open the app and terms and conditions after i agree it opens a window or ui for entering mobile number and as i fill it in and submit i get an error  there is some error logging you in and i also tried reinstalling the app but its still the same error
AarogyaSetu,login nahi ho raha hai.,1,2025-07-22 12:03:23,AarogyaSetu,login nahi ho raha hai
AarogyaSetu,very bad app hangs all the time,1,2025-07-22 07:33:40,AarogyaSetu,very bad app hangs all the time
AarogyaSetu,good,5,2025-07-21 16:25:14,AarogyaSetu,good
AarogyaSetu,doesn't work properly 🥺🤬,1,2025-07-21 13:51:35,AarogyaSetu,doesnt work properly
AarogyaSetu,not working don't use,1,2025-07-19 12:53:20,AarogyaSetu,not working dont use
AarogyaSetu,it is a good app .but now iam unable to login .help me,5,2025-07-18 22:43:51,AarogyaSetu,it is a good app but now iam unable to login help me
AarogyaSetu,not opening there is an error in aarogya setu app,1,2025-07-18 15:44:06,AarogyaSetu,not opening there is an error in aarogya setu app
AarogyaSetu,not working,1,2025-07-17 20:18:10,AarogyaSetu,not working
AarogyaSetu,bakbas app age nhi bathata,1,2025-07-17 18:33:14,AarogyaSetu,bakbas app age nhi bathata
AarogyaSetu,"app is not allowing to login. giving error ""there is some error logging you in""",1,2025-07-16 12:56:23,AarogyaSetu,app is not allowing to login giving error there is some error logging you in
AarogyaSetu,bad,1,2025-07-15 11:05:16,AarogyaSetu,bad
AarogyaSetu,super,4,2025-07-13 15:37:56,AarogyaSetu,super
AarogyaSetu,bekar,1,2025-07-13 13:52:09,AarogyaSetu,bekar
AarogyaSetu,Log in Problem,2,2025-07-13 07:15:53,AarogyaSetu,log in problem
AarogyaSetu,it really very good app,5,2025-07-11 07:13:37,AarogyaSetu,it really very good app
AarogyaSetu,very nice,5,2025-07-10 18:45:28,AarogyaSetu,very nice
AarogyaSetu,What's wrong with it. I'm not able to login in the app.,5,2025-07-09 20:14:03,AarogyaSetu,whats wrong with it im not able to login in the app
AarogyaSetu,Why is this app not government verified?,3,2025-07-09 13:06:54,AarogyaSetu,why is this app not government verified
AarogyaSetu,Not working on my One+ Nord AC2001 Model mobile.,4,2025-07-08 20:20:25,AarogyaSetu,not working on my one nord ac2001 model mobile
AarogyaSetu,It is very important to safe covid- 19.Its safe time to time . But It's confused where is Corona positive,5,2025-07-08 15:34:45,AarogyaSetu,it is very important to safe covid 19its safe time to time  but its confused where is corona positive
AarogyaSetu,good,5,2025-07-08 11:20:47,AarogyaSetu,good
AarogyaSetu,good,5,2025-07-07 12:21:32,AarogyaSetu,good
AarogyaSetu,nice work,4,2025-07-06 22:11:23,AarogyaSetu,nice work
AarogyaSetu,nice,5,2025-07-03 13:43:20,AarogyaSetu,nice
AarogyaSetu,okkkkk,5,2025-06-30 23:04:06,AarogyaSetu,okkkkk
AarogyaSetu,very good experience,5,2025-06-28 17:40:02,AarogyaSetu,very good experience
AarogyaSetu,good,5,2025-06-28 16:19:30,AarogyaSetu,good
AarogyaSetu,stupid app only bugs it doesn't open the app and stuck on the page to accept T&C,1,2025-06-28 13:38:21,AarogyaSetu,stupid app only bugs it doesnt open the app and stuck on the page to accept tc
AarogyaSetu,bad,1,2025-06-28 11:12:28,AarogyaSetu,bad
AarogyaSetu,good,5,2025-06-28 11:09:24,AarogyaSetu,good
AarogyaSetu,worst experiance,1,2025-06-28 09:57:22,AarogyaSetu,worst experiance
AarogyaSetu,not working in my mobile,5,2025-06-27 18:21:50,AarogyaSetu,not working in my mobile
AarogyaSetu,throwing error while logging in,1,2025-06-27 17:58:12,AarogyaSetu,throwing error while logging in
AarogyaSetu,The app is not working for logging in.,1,2025-06-25 17:14:41,AarogyaSetu,the app is not working for logging in
AarogyaSetu,very good,5,2025-06-24 21:20:15,AarogyaSetu,very good
AarogyaSetu,can't login please help,3,2025-06-24 00:15:59,AarogyaSetu,cant login please help
AarogyaSetu,very bad not working not even letting me login..,1,2025-06-23 13:03:23,AarogyaSetu,very bad not working not even letting me login
AarogyaSetu,Facing issue while logging in,1,2025-06-23 12:28:15,AarogyaSetu,facing issue while logging in
AarogyaSetu,"cant even login, tried puting my both numbers still shows error from past one week not sure if its still working",1,2025-06-23 00:49:14,AarogyaSetu,cant even login tried puting my both numbers still shows error from past one week not sure if its still working
AarogyaSetu,best app for safety public,5,2025-06-22 11:29:21,AarogyaSetu,best app for safety public
AarogyaSetu,I am unable to log into the app,1,2025-06-22 08:41:42,AarogyaSetu,i am unable to log into the app
AarogyaSetu,it is not opening,1,2025-06-22 07:12:29,AarogyaSetu,it is not opening
AarogyaSetu,average,2,2025-06-22 06:50:28,AarogyaSetu,average
AarogyaSetu,not able to login,1,2025-06-21 17:33:00,AarogyaSetu,not able to login
AarogyaSetu,error login,1,2025-06-20 20:57:06,AarogyaSetu,error login
AarogyaSetu,Is there a issue with this app. I am getting error there is some issue logging you in with my cell no.,1,2025-06-20 14:29:49,AarogyaSetu,is there a issue with this app i am getting error there is some issue logging you in with my cell no
AarogyaSetu,unable to login,1,2025-06-19 22:12:41,AarogyaSetu,unable to login
AarogyaSetu,login problem hai,1,2025-06-18 16:28:44,AarogyaSetu,login problem hai
AarogyaSetu,previously worked properly but now days not login and not show particular problem..,1,2025-06-18 13:33:36,AarogyaSetu,previously worked properly but now days not login and not show particular problem
AarogyaSetu,bad,1,2025-06-17 22:14:36,AarogyaSetu,bad
AarogyaSetu,I like this app,5,2025-06-17 11:08:28,AarogyaSetu,i like this app
AarogyaSetu,don't use this waste app,1,2025-06-17 08:55:57,AarogyaSetu,dont use this waste app
AarogyaSetu,not working,1,2025-06-17 06:46:54,AarogyaSetu,not working
AarogyaSetu,very nice app,5,2025-06-16 20:43:25,AarogyaSetu,very nice app
AarogyaSetu,Ab Aaps khul kyo nhi rha he,5,2025-06-16 10:40:12,AarogyaSetu,ab aaps khul kyo nhi rha he
AarogyaSetu,I am not able to login.,4,2025-06-14 20:15:25,AarogyaSetu,i am not able to login
AarogyaSetu,good,5,2025-06-14 19:00:46,AarogyaSetu,good
AarogyaSetu,very good app for our protection,5,2025-06-13 20:18:28,AarogyaSetu,very good app for our protection
AarogyaSetu,logging error thise time,5,2025-06-13 12:07:18,AarogyaSetu,logging error thise time
AarogyaSetu,earlier aarogya setu was working but again it is not working in my device. please fix it as it is very useful application,5,2025-06-13 07:23:23,AarogyaSetu,earlier aarogya setu was working but again it is not working in my device please fix it as it is very useful application
AarogyaSetu,login failed. not working,1,2025-06-12 19:33:46,AarogyaSetu,login failed not working
AarogyaSetu,login nahi hota he number ke bad bar bar error batata he,1,2025-06-11 13:15:11,AarogyaSetu,login nahi hota he number ke bad bar bar error batata he
AarogyaSetu,I'm trying to login but it's not working,1,2025-06-11 12:23:55,AarogyaSetu,im trying to login but its not working
AarogyaSetu,"Now, it is possible to login. Even if we give correct mobile phone no. it gives error. please check and rectify. thank you",1,2025-06-11 02:05:18,AarogyaSetu,now it is possible to login even if we give correct mobile phone no it gives error please check and rectify thank you
AarogyaSetu,unable to login. shows login error. unable to find out the error and rectify,1,2025-06-10 22:23:38,AarogyaSetu,unable to login shows login error unable to find out the error and rectify
AarogyaSetu,total waste of precious time and energy. not able to re register or open my account again for getting the health status for travelling. not able register or sign into the app.,1,2025-06-10 21:32:07,AarogyaSetu,total waste of precious time and energy not able to re register or open my account again for getting the health status for travelling not able register or sign into the app
AarogyaSetu,unable to access. phone number could not be inserted. bad experience. at the time of covid 19 it helped too much.,1,2025-06-10 21:15:29,AarogyaSetu,unable to access phone number could not be inserted bad experience at the time of covid 19 it helped too much
AarogyaSetu,please check the app as it is not working . It doesn't allow you to login into the app .,1,2025-06-10 20:22:18,AarogyaSetu,please check the app as it is not working  it doesnt allow you to login into the app
AarogyaSetu,Aarogya Setu app is not working in my new mobile it says ' there is an error in logging you in' what is the error . why an Indian citizen unable to use Arogya Setu apo ??. This app don't accept my mobile number ... I'm unable to open this app.. please help,3,2025-06-10 16:22:30,AarogyaSetu,aarogya setu app is not working in my new mobile it says  there is an error in logging you in what is the error  why an indian citizen unable to use arogya setu apo  this app dont accept my mobile number  im unable to open this app please help
AarogyaSetu,worst app unable to log in,1,2025-06-10 08:29:37,AarogyaSetu,worst app unable to log in
AarogyaSetu,I can't even register my phone number 😔how can I use this app then,1,2025-06-09 13:12:48,AarogyaSetu,i cant even register my phone number how can i use this app then
AarogyaSetu,It is not accessible,1,2025-06-08 19:11:48,AarogyaSetu,it is not accessible
AarogyaSetu,login error 😭,1,2025-06-08 12:45:20,AarogyaSetu,login error
AarogyaSetu,"Entering Mobile number and submitting, shows ""Error logging you in"". How can it be settled? I tried after reinstalling the app, but the same result.",1,2025-06-08 12:29:38,AarogyaSetu,entering mobile number and submitting shows error logging you in how can it be settled i tried after reinstalling the app but the same result
AarogyaSetu,worst app,1,2025-06-08 09:08:52,AarogyaSetu,worst app
AarogyaSetu,terrible experience. doesn't work,1,2025-06-07 23:46:56,AarogyaSetu,terrible experience doesnt work
AarogyaSetu,can't login,1,2025-06-07 22:58:03,AarogyaSetu,cant login
AarogyaSetu,not working as of 7 jun 2025. error after entering mobile number,1,2025-06-07 21:45:38,AarogyaSetu,not working as of 7 jun 2025 error after entering mobile number
AarogyaSetu,login problem happened,1,2025-06-07 14:54:32,AarogyaSetu,login problem happened
AarogyaSetu,its not working y what we do now,1,2025-06-07 14:49:55,AarogyaSetu,its not working y what we do now
AarogyaSetu,Unable to login to Aarogya setu app,1,2025-06-07 13:43:26,AarogyaSetu,unable to login to aarogya setu app
AarogyaSetu,not working showing error after typing number,1,2025-06-07 12:50:53,AarogyaSetu,not working showing error after typing number
AarogyaSetu,NOT ABLE TO LOG IN,5,2025-06-07 11:35:53,AarogyaSetu,not able to log in
AarogyaSetu,I am unable to log in. Repeated attempts failed like uninstalling and installation again,2,2025-06-07 10:03:50,AarogyaSetu,i am unable to log in repeated attempts failed like uninstalling and installation again
AarogyaSetu,I don't know why I am not able to login Since I am an old subscriber,5,2025-06-06 23:28:54,AarogyaSetu,i dont know why i am not able to login since i am an old subscriber
AarogyaSetu,"unable to login, showing mobile no is incorrect while number is correct.",1,2025-06-06 22:54:55,AarogyaSetu,unable to login showing mobile no is incorrect while number is correct
AarogyaSetu,login hi nhi ho raha nakli app,1,2025-06-06 20:55:46,AarogyaSetu,login hi nhi ho raha nakli app
AarogyaSetu,Recently the app is not responding. It is not showing updated status. All data is far too back dated. Off late the app is not at all working.,3,2025-06-06 15:56:56,AarogyaSetu,recently the app is not responding it is not showing updated status all data is far too back dated off late the app is not at all working
AarogyaSetu,"This error keeps showing up when I enter my mobile number ""There is some error during logging you in""",1,2025-06-06 14:46:26,AarogyaSetu,this error keeps showing up when i enter my mobile number there is some error during logging you in
AarogyaSetu,mobile Number Ho Neirahai,1,2025-06-06 14:03:56,AarogyaSetu,mobile number ho neirahai
AarogyaSetu,Good,5,2025-06-06 13:12:37,AarogyaSetu,good
AarogyaSetu,Unable to login with mobile number,2,2025-06-06 12:51:54,AarogyaSetu,unable to login with mobile number
AarogyaSetu,login otp is not received various mobile number.,1,2025-06-06 09:43:43,AarogyaSetu,login otp is not received various mobile number
AarogyaSetu,no longer use login problem always zero rating,1,2025-06-06 07:49:18,AarogyaSetu,no longer use login problem always zero rating
AarogyaSetu,it is not working,5,2025-06-06 06:28:25,AarogyaSetu,it is not working
AarogyaSetu,very good,5,2025-06-05 17:34:44,AarogyaSetu,very good
AarogyaSetu,Does not download,1,2025-06-05 13:58:45,AarogyaSetu,does not download
AarogyaSetu,nice app,5,2025-06-05 13:36:25,AarogyaSetu,nice app
AarogyaSetu,Application Not Working In 2025,1,2025-06-05 13:14:56,AarogyaSetu,application not working in 2025
AarogyaSetu,"it's is not logging in,. when entering the phone number",1,2025-06-05 11:12:37,AarogyaSetu,its is not logging in when entering the phone number
AarogyaSetu,currently not working as not accepting mobile number,2,2025-06-05 10:40:57,AarogyaSetu,currently not working as not accepting mobile number
AarogyaSetu,"I am unable to login with my number,it is showing some error",1,2025-06-05 07:33:10,AarogyaSetu,i am unable to login with my numberit is showing some error
AarogyaSetu,"Great app, keeps you updated about the covid-19 situation not only in your area but also the whole nation.Everyone should use this app to be safe.",5,2025-06-04 14:51:20,AarogyaSetu,great app keeps you updated about the covid19 situation not only in your area but also the whole nationeveryone should use this app to be safe
AarogyaSetu,"hi team, unable to login. showing some error while logging",1,2025-06-04 14:23:12,AarogyaSetu,hi team unable to login showing some error while logging
AarogyaSetu,apps install ho ja raha hai lekin ise use nahi kar sakte hai quki mobile number dalne se error aa raha hai,1,2025-06-04 11:45:04,AarogyaSetu,apps install ho ja raha hai lekin ise use nahi kar sakte hai quki mobile number dalne se error aa raha hai
AarogyaSetu,ab to kaam v nhi karta hai maine socha download karung a certificate but nhi hai ab kya hi kha jaa sakta hai,2,2025-06-04 09:24:15,AarogyaSetu,ab to kaam v nhi karta hai maine socha download karung a certificate but nhi hai ab kya hi kha jaa sakta hai
AarogyaSetu,not able to login,1,2025-06-03 15:42:39,AarogyaSetu,not able to login
AarogyaSetu,I am unable to login,1,2025-06-03 15:32:02,AarogyaSetu,i am unable to login
AarogyaSetu,why Aarogya setu App didn't login showing error.,1,2025-06-03 09:35:32,AarogyaSetu,why aarogya setu app didnt login showing error
AarogyaSetu,not able to log in,1,2025-06-03 08:50:56,AarogyaSetu,not able to log in
AarogyaSetu,we are not able to login this app,1,2025-06-02 20:15:39,AarogyaSetu,we are not able to login this app
AarogyaSetu,very good,5,2025-06-02 09:47:35,AarogyaSetu,very good
AarogyaSetu,not able to log in. if the service/app is no longer functional/useful then should be discontinued. why spend tax money on keeping it active on play store.,1,2025-06-02 00:57:45,AarogyaSetu,not able to log in if the serviceapp is no longer functionaluseful then should be discontinued why spend tax money on keeping it active on play store
AarogyaSetu,can't login,1,2025-06-01 21:17:45,AarogyaSetu,cant login
AarogyaSetu,error there is some error logging you in is displayed,1,2025-06-01 19:16:51,AarogyaSetu,error there is some error logging you in is displayed
AarogyaSetu,fix kro app ko 😑,1,2025-06-01 15:33:59,AarogyaSetu,fix kro app ko
AarogyaSetu,I tried to install the aap but it not working any more. Any update on this?,1,2025-06-01 09:46:32,AarogyaSetu,i tried to install the aap but it not working any more any update on this
AarogyaSetu,not able to login in the app .,3,2025-06-01 09:24:28,AarogyaSetu,not able to login in the app
AarogyaSetu,not login,1,2025-05-31 22:58:44,AarogyaSetu,not login
AarogyaSetu,it is good health information app,3,2025-05-31 18:16:04,AarogyaSetu,it is good health information app
AarogyaSetu,1can't open this app login failed..it came num exists,1,2025-05-31 15:16:18,AarogyaSetu,1cant open this app login failedit came num exists
AarogyaSetu,गुड अप्प,3,2025-05-31 13:47:04,AarogyaSetu,गड अपप
AarogyaSetu,not working 31.5.25,1,2025-05-31 13:46:19,AarogyaSetu,not working 31525
AarogyaSetu,I am experiencing an error while logging into the app even after clicking on the I Agree button and with a valid phone number.,1,2025-05-31 12:16:22,AarogyaSetu,i am experiencing an error while logging into the app even after clicking on the i agree button and with a valid phone number
AarogyaSetu,unable to login. tried several times but still,1,2025-05-31 12:08:46,AarogyaSetu,unable to login tried several times but still
AarogyaSetu,मैं आरोग्य सेतु ऐप पर लॉगिन नहीं कर पा रहा हूँ मेरे नंबर पर एरर बता रहा हैं कृपया इसका कोई समाधान बताए...,3,2025-05-31 11:43:43,AarogyaSetu,म आरगय सत ऐप पर लगन नह कर प रह ह मर नबर पर एरर बत रह ह कपय इसक कई समधन बतए
AarogyaSetu,gerting error while logging in,1,2025-05-31 10:53:41,AarogyaSetu,gerting error while logging in
AarogyaSetu,not user friendly,1,2025-05-31 09:47:12,AarogyaSetu,not user friendly
AarogyaSetu,not able to login solve it,2,2025-05-31 03:19:24,AarogyaSetu,not able to login solve it
AarogyaSetu,Very very very bad service,1,2025-05-30 21:39:56,AarogyaSetu,very very very bad service
AarogyaSetu,good,4,2025-05-30 21:17:02,AarogyaSetu,good
AarogyaSetu,useless app,2,2025-05-30 21:14:05,AarogyaSetu,useless app
AarogyaSetu,excellent,5,2025-05-30 20:58:20,AarogyaSetu,excellent
AarogyaSetu,Your app is not working properly. Kindly please check about this issue soon.,1,2025-05-30 20:06:03,AarogyaSetu,your app is not working properly kindly please check about this issue soon
AarogyaSetu,"the application is not allowing to input the mobile number. In view of increasing covid-19 cases, need to review this application",1,2025-05-30 18:15:57,AarogyaSetu,the application is not allowing to input the mobile number in view of increasing covid19 cases need to review this application
AarogyaSetu,Unable to login,1,2025-05-30 14:39:39,AarogyaSetu,unable to login
AarogyaSetu,"I have tried to login since past few days that too multiple times. However, after filling mobile number messages in red comes that there is problem in login. Could issue be resolved",1,2025-05-30 12:52:49,AarogyaSetu,i have tried to login since past few days that too multiple times however after filling mobile number messages in red comes that there is problem in login could issue be resolved
AarogyaSetu,this is Very Nice 👍 App for all Situation,5,2025-05-30 10:34:24,AarogyaSetu,this is very nice  app for all situation
AarogyaSetu,I am unable to login,1,2025-05-30 10:25:11,AarogyaSetu,i am unable to login
AarogyaSetu,"what I am not able to logged into my aarogya setu app? it's getting error, I tried to fetch it for multiple times but still issue persist, I wants to download covin vaccination certificate it's quick action.",2,2025-05-30 10:19:23,AarogyaSetu,what i am not able to logged into my aarogya setu app its getting error i tried to fetch it for multiple times but still issue persist i wants to download covin vaccination certificate its quick action
AarogyaSetu,"login problem, please check",4,2025-05-30 09:36:42,AarogyaSetu,login problem please check
AarogyaSetu,"App not working properly , Problem in login",5,2025-05-30 07:21:02,AarogyaSetu,app not working properly  problem in login
AarogyaSetu,good,5,2025-05-30 01:59:31,AarogyaSetu,good
AarogyaSetu,I think this app is no longer maintained as it is throwing a login error on entering the phone number. Apart from this if the user comes for the first time after 'I Agree' click and location sharing nothing happens. The user has to reopen the app to enter the phone number and that too is giving a login error.,1,2025-05-30 01:47:41,AarogyaSetu,i think this app is no longer maintained as it is throwing a login error on entering the phone number apart from this if the user comes for the first time after i agree click and location sharing nothing happens the user has to reopen the app to enter the phone number and that too is giving a login error
AarogyaSetu,not operational,1,2025-05-29 23:31:44,AarogyaSetu,not operational
AarogyaSetu,App is not working.,2,2025-05-29 20:54:16,AarogyaSetu,app is not working
AarogyaSetu,worsed app,1,2025-05-29 17:46:26,AarogyaSetu,worsed app
AarogyaSetu,this app isn't working.... I tried to login but always show as error.,1,2025-05-29 17:44:59,AarogyaSetu,this app isnt working i tried to login but always show as error
AarogyaSetu,horrible app,1,2025-05-29 16:04:39,AarogyaSetu,horrible app
AarogyaSetu,Unable to login.,1,2025-05-29 13:24:57,AarogyaSetu,unable to login
AarogyaSetu,good,5,2025-05-29 13:07:23,AarogyaSetu,good
AarogyaSetu,unable to login it's showing there is an error while login,1,2025-05-29 12:21:00,AarogyaSetu,unable to login its showing there is an error while login
AarogyaSetu,very bad app,2,2025-05-29 12:18:50,AarogyaSetu,very bad app
AarogyaSetu,log in problem,3,2025-05-29 12:00:11,AarogyaSetu,log in problem
AarogyaSetu,nice,5,2025-05-29 11:57:01,AarogyaSetu,nice
AarogyaSetu,covid cases are increasing but app has not been updated.Unable to login with old version,1,2025-05-29 07:49:25,AarogyaSetu,covid cases are increasing but app has not been updatedunable to login with old version
AarogyaSetu,"Log in is not happening inspite of trying many times. Not getting OTP. IT LOOKS LIKE IT IS ABANDONED, WHEN NOT IN USE.",1,2025-05-29 07:29:43,AarogyaSetu,log in is not happening inspite of trying many times not getting otp it looks like it is abandoned when not in use
AarogyaSetu,very nice prgramme for general knowledge,5,2025-05-29 06:43:48,AarogyaSetu,very nice prgramme for general knowledge
AarogyaSetu,this app is not working now to get latest updates on covid and related government guidelines or upcoming updates,2,2025-05-28 23:10:36,AarogyaSetu,this app is not working now to get latest updates on covid and related government guidelines or upcoming updates
AarogyaSetu,not working properly,1,2025-05-28 22:09:32,AarogyaSetu,not working properly
AarogyaSetu,Unable to login..,1,2025-05-28 18:08:34,AarogyaSetu,unable to login
AarogyaSetu,"Corona is returning, and this app is not working. There is an error logging you in.",1,2025-05-28 17:26:39,AarogyaSetu,corona is returning and this app is not working there is an error logging you in
AarogyaSetu,app has much more bugs and glitches and login problem also,1,2025-05-28 13:52:01,AarogyaSetu,app has much more bugs and glitches and login problem also
AarogyaSetu,solo service,3,2025-05-28 12:19:09,AarogyaSetu,solo service
AarogyaSetu,not login. unstable. not recognised mobile number,1,2025-05-28 08:05:05,AarogyaSetu,not login unstable not recognised mobile number
DigiLocker,year 2022 deta of 12 class is not available,1,2026-05-16 17:01:50,DigiLocker,year 2022 deta of 12 class is not available
DigiLocker,Diploma certificate issued year select problem,1,2026-05-16 16:32:39,DigiLocker,diploma certificate issued year select problem
DigiLocker,that is not best app,1,2026-05-16 15:30:24,DigiLocker,that is not best app
DigiLocker,nice,5,2026-05-16 14:52:12,DigiLocker,nice
DigiLocker,says it's not supported on galaxy s8+,1,2026-05-16 14:34:02,DigiLocker,says its not supported on galaxy s8
DigiLocker,All my documents always in my phone and no needed to make my wallet full of plastic cards. AWESOME !!,5,2026-05-16 14:13:42,DigiLocker,all my documents always in my phone and no needed to make my wallet full of plastic cards awesome
DigiLocker,मिसमॅटचिंग के डोकमेण्ट का hal nahi करता,1,2026-05-16 14:02:22,DigiLocker,मसमटचग क डकमणट क hal nahi करत
DigiLocker,The worst i can say in words...,1,2026-05-16 12:08:20,DigiLocker,the worst i can say in words
DigiLocker,thank,5,2026-05-16 11:33:31,DigiLocker,thank
DigiLocker,Stop locking me out of my own account!! I used the same PIN i changed minutes ago and the app says it's incorrect and therefore has locked me out. Are you kidding me?!,1,2026-05-16 10:33:04,DigiLocker,stop locking me out of my own account i used the same pin i changed minutes ago and the app says its incorrect and therefore has locked me out are you kidding me
DigiLocker,good,5,2026-05-16 08:53:15,DigiLocker,good
DigiLocker,very super and secure app service is very good,5,2026-05-16 08:44:12,DigiLocker,very super and secure app service is very good
DigiLocker,good app for all time,5,2026-05-16 07:51:46,DigiLocker,good app for all time
DigiLocker,good App,5,2026-05-16 07:29:47,DigiLocker,good app
DigiLocker,Very good sir/mam!,5,2026-05-16 05:44:59,DigiLocker,very good sirmam
DigiLocker,app is not opening,1,2026-05-15 22:57:42,DigiLocker,app is not opening
DigiLocker,very nice 👍,5,2026-05-15 21:57:55,DigiLocker,very nice
DigiLocker,good,5,2026-05-15 21:40:21,DigiLocker,good
DigiLocker,"i couldn't download at all , like i have tried everything, my net is working well , i am able to download all other apps except this , how can i use previously it was downloaded and all my documents are saved in it, i mistakenly uninstalled it , and now i couldn't download it",1,2026-05-15 20:14:19,DigiLocker,i couldnt download at all  like i have tried everything my net is working well  i am able to download all other apps except this  how can i use previously it was downloaded and all my documents are saved in it i mistakenly uninstalled it  and now i couldnt download it
DigiLocker,good app,5,2026-05-15 19:43:38,DigiLocker,good app
DigiLocker,nice 🙂,4,2026-05-15 17:05:14,DigiLocker,nice
DigiLocker,sabse bekar app aur NTA isse bhi jyada bekar Jo is app per Link karke form bharva Raha students Ko paresan kar Raha hai 4 din me form Nahi bhar Paya is app Ke vajah se vaise - me review Dena chahiye per Hai Nahi,1,2026-05-15 16:44:56,DigiLocker,sabse bekar app aur nta isse bhi jyada bekar jo is app per link karke form bharva raha students ko paresan kar raha hai 4 din me form nahi bhar paya is app ke vajah se vaise  me review dena chahiye per hai nahi
DigiLocker,good,5,2026-05-15 16:21:52,DigiLocker,good
DigiLocker,digilocker My photo isn't visible in my private candidate marksheet released 2 days before kindly fix it and release a combined marksheet I have to join college this year that's why,4,2026-05-15 16:19:37,DigiLocker,digilocker my photo isnt visible in my private candidate marksheet released 2 days before kindly fix it and release a combined marksheet i have to join college this year thats why
DigiLocker,good,5,2026-05-15 15:54:00,DigiLocker,good
DigiLocker,i tried to update the latest version of Digi Locker App experience this app is no longer compatible with your device contact with developer for more info.,3,2026-05-15 15:07:53,DigiLocker,i tried to update the latest version of digi locker app experience this app is no longer compatible with your device contact with developer for more info
DigiLocker,good,3,2026-05-15 14:55:52,DigiLocker,good
DigiLocker,good 👍,5,2026-05-15 14:08:40,DigiLocker,good
DigiLocker,good,5,2026-05-15 12:15:48,DigiLocker,good
DigiLocker,ok ok,3,2026-05-15 12:11:09,DigiLocker,ok ok
DigiLocker,good to use and perfect for any one to use and easy access to every document it's extent,5,2026-05-15 10:35:42,DigiLocker,good to use and perfect for any one to use and easy access to every document its extent
DigiLocker,good,5,2026-05-15 08:41:45,DigiLocker,good
DigiLocker,awesome😊😊,5,2026-05-15 08:29:45,DigiLocker,awesome
DigiLocker,very good govt application to download certificate,5,2026-05-15 07:56:13,DigiLocker,very good govt application to download certificate
DigiLocker,best,5,2026-05-14 23:28:14,DigiLocker,best
DigiLocker,what is this here was more bugs and glitch,1,2026-05-14 22:45:37,DigiLocker,what is this here was more bugs and glitch
DigiLocker,good work 💯,5,2026-05-14 22:26:12,DigiLocker,good work
DigiLocker,App is not opening just downloaded,1,2026-05-14 20:39:33,DigiLocker,app is not opening just downloaded
DigiLocker,some time not work proper,4,2026-05-14 20:28:29,DigiLocker,some time not work proper
DigiLocker,nice,5,2026-05-14 18:11:49,DigiLocker,nice
DigiLocker,सबसे ज्यादा काम याव,5,2026-05-14 16:23:28,DigiLocker,सबस जयद कम यव
DigiLocker,pathetic app server error always,1,2026-05-14 16:10:40,DigiLocker,pathetic app server error always
DigiLocker,nice app,5,2026-05-14 14:55:41,DigiLocker,nice app
DigiLocker,good,5,2026-05-14 14:20:52,DigiLocker,good
DigiLocker,bad,1,2026-05-14 13:45:25,DigiLocker,bad
DigiLocker,worst app,1,2026-05-14 13:08:50,DigiLocker,worst app
DigiLocker,good,5,2026-05-14 12:00:27,DigiLocker,good
DigiLocker,"developer bhai main kah raha tha ki adhar,pan ye sab digilocker me add ho ja raha hai but 10th and 12th marksheet add nahi ho raha hai specially bihar board ka. thoda fix kijiye 🙏",1,2026-05-14 11:36:01,DigiLocker,developer bhai main kah raha tha ki adharpan ye sab digilocker me add ho ja raha hai but 10th and 12th marksheet add nahi ho raha hai specially bihar board ka thoda fix kijiye
DigiLocker,good,5,2026-05-14 11:01:00,DigiLocker,good
DigiLocker,very secured application,5,2026-05-14 08:52:28,DigiLocker,very secured application
DigiLocker,good sarvisa,5,2026-05-14 08:38:35,DigiLocker,good sarvisa
DigiLocker,this app is useful but it always need to relog,4,2026-05-14 07:09:05,DigiLocker,this app is useful but it always need to relog
DigiLocker,"there is no documents before 2018 ,why?",2,2026-05-14 07:01:38,DigiLocker,there is no documents before 2018 why
DigiLocker,carry all the documents in one place vary easily,5,2026-05-14 00:43:54,DigiLocker,carry all the documents in one place vary easily
DigiLocker,Good 👍,5,2026-05-13 23:24:00,DigiLocker,good
DigiLocker,good,5,2026-05-13 22:41:42,DigiLocker,good
DigiLocker,Very Difficult for Login,1,2026-05-13 22:03:16,DigiLocker,very difficult for login
DigiLocker,amaizing,5,2026-05-13 19:48:27,DigiLocker,amaizing
DigiLocker,the result of class 12 no photo of students is available when the document is downloaded,1,2026-05-13 19:32:44,DigiLocker,the result of class 12 no photo of students is available when the document is downloaded
DigiLocker,it is a good app but it lags some times like it shows an hidden error,4,2026-05-13 18:52:12,DigiLocker,it is a good app but it lags some times like it shows an hidden error
DigiLocker,"This is showing me again and again to verify aadhar card. When I verify then shows your aadhar is already registered but still don't download my documents. This is frustrating, seriously.",1,2026-05-13 18:06:21,DigiLocker,this is showing me again and again to verify aadhar card when i verify then shows your aadhar is already registered but still dont download my documents this is frustrating seriously
DigiLocker,Good,5,2026-05-13 17:46:26,DigiLocker,good
DigiLocker,waste,1,2026-05-13 17:27:37,DigiLocker,waste
DigiLocker,"best 2500 rupye bacha liye Bhai ne , top notch app h bhai , sbhi download kro bhai",5,2026-05-13 16:53:34,DigiLocker,best 2500 rupye bacha liye bhai ne  top notch app h bhai  sbhi download kro bhai
DigiLocker,good,4,2026-05-13 15:35:18,DigiLocker,good
DigiLocker,worst,1,2026-05-13 15:26:40,DigiLocker,worst
DigiLocker,it's good app and information colected. didilocker app help me always to store important files and documents. all files are important this app help me any were. there for many documents collected to app. some file small copy big or,5,2026-05-13 15:15:18,DigiLocker,its good app and information colected didilocker app help me always to store important files and documents all files are important this app help me any were there for many documents collected to app some file small copy big or
DigiLocker,worst app ever seen if I update all my files are vanished plz make good changes in this app,1,2026-05-13 13:12:06,DigiLocker,worst app ever seen if i update all my files are vanished plz make good changes in this app
DigiLocker,worst experience on this app,1,2026-05-13 12:42:05,DigiLocker,worst experience on this app
DigiLocker,good,4,2026-05-13 12:04:59,DigiLocker,good
DigiLocker,good,5,2026-05-13 12:02:46,DigiLocker,good
DigiLocker,best,5,2026-05-13 11:24:14,DigiLocker,best
DigiLocker,super,5,2026-05-13 10:55:22,DigiLocker,super
DigiLocker,good,5,2026-05-13 10:39:48,DigiLocker,good
DigiLocker,I can't open the app reinstalled than also not working showing something wrong kindly solve the issue,1,2026-05-13 10:27:29,DigiLocker,i cant open the app reinstalled than also not working showing something wrong kindly solve the issue
DigiLocker,very slow 🦥,1,2026-05-13 10:15:19,DigiLocker,very slow
DigiLocker,mere community certificate add nai hota hai jab ki e district portal Assam me se download kar ra hoon lekin digilocker me not found bata ta hai...aap me avi vi bhout glitch hai,3,2026-05-13 10:13:37,DigiLocker,mere community certificate add nai hota hai jab ki e district portal assam me se download kar ra hoon lekin digilocker me not found bata ta haiaap me avi vi bhout glitch hai
DigiLocker,Thanks Very Good,5,2026-05-13 10:06:58,DigiLocker,thanks very good
DigiLocker,bahut badiya,5,2026-05-13 10:02:37,DigiLocker,bahut badiya
DigiLocker,very good,5,2026-05-13 09:33:21,DigiLocker,very good
DigiLocker,not good enough,5,2026-05-13 05:47:03,DigiLocker,not good enough
DigiLocker,wonderful✨😍,5,2026-05-13 03:30:06,DigiLocker,wonderful
DigiLocker,Good .,4,2026-05-13 00:20:44,DigiLocker,good
DigiLocker,ಸೂಪರ್ 🙏,3,2026-05-12 19:35:16,DigiLocker,ಸಪರ
DigiLocker,i am not able to think any worst word,1,2026-05-12 17:48:49,DigiLocker,i am not able to think any worst word
DigiLocker,Worst application,4,2026-05-12 16:54:32,DigiLocker,worst application
DigiLocker,very poor service🤮,1,2026-05-12 16:12:49,DigiLocker,very poor service
DigiLocker,super 👍,5,2026-05-12 15:38:12,DigiLocker,super
DigiLocker,worst experience there many document you cannot fetch they always show issue and the helpline doesn't help at all,1,2026-05-12 14:52:48,DigiLocker,worst experience there many document you cannot fetch they always show issue and the helpline doesnt help at all
DigiLocker,amazing work by government of India,5,2026-05-12 14:38:00,DigiLocker,amazing work by government of india
DigiLocker,the otp is being so late,1,2026-05-12 14:09:25,DigiLocker,the otp is being so late
DigiLocker,very bad experience,1,2026-05-12 14:06:00,DigiLocker,very bad experience
DigiLocker,poor app,1,2026-05-12 14:05:10,DigiLocker,poor app
DigiLocker,bhout hi gu aap h iske otp khud time over hone ke baad aate h,1,2026-05-12 14:00:53,DigiLocker,bhout hi gu aap h iske otp khud time over hone ke baad aate h
DigiLocker,didn't get OTP.. Fuussshhh application,1,2026-05-12 13:52:49,DigiLocker,didnt get otp fuussshhh application
DigiLocker,nice,5,2026-05-12 13:46:55,DigiLocker,nice
DigiLocker,The app is very slow as otp services is not working properly. UGC Net application got stopped in midway. this is so problematic as net aspirants are facing so much issues related to otp services in preliminary application level itself,1,2026-05-12 13:36:46,DigiLocker,the app is very slow as otp services is not working properly ugc net application got stopped in midway this is so problematic as net aspirants are facing so much issues related to otp services in preliminary application level itself
DigiLocker,this app is not easy to use i cannot even login with my phone or adhar my account was already created and I was not the one who created it and when I click forgot pin it is not accepting my birthdate please resolve this issue fast,1,2026-05-12 13:33:50,DigiLocker,this app is not easy to use i cannot even login with my phone or adhar my account was already created and i was not the one who created it and when i click forgot pin it is not accepting my birthdate please resolve this issue fast
DigiLocker,"the app is not opening in my phone, i tried updating it even reinstall it after deleting but the app still doesn't work.... please resolve my issue quickly",3,2026-05-12 13:01:48,DigiLocker,the app is not opening in my phone i tried updating it even reinstall it after deleting but the app still doesnt work please resolve my issue quickly
DigiLocker,very important app all students,5,2026-05-12 12:53:58,DigiLocker,very important app all students
DigiLocker,login nahi ho Raha hai,1,2026-05-12 12:31:46,DigiLocker,login nahi ho raha hai
DigiLocker,goog,4,2026-05-12 12:21:47,DigiLocker,goog
DigiLocker,I am only able to view the active result links but I am not able to view coming soon notification on digi locker. Only able to see that feature on Umang,4,2026-05-12 11:49:59,DigiLocker,i am only able to view the active result links but i am not able to view coming soon notification on digi locker only able to see that feature on umang
DigiLocker,nice,5,2026-05-12 11:49:22,DigiLocker,nice
DigiLocker,documents help,5,2026-05-12 11:03:06,DigiLocker,documents help
DigiLocker,very useful application form saving all documents and online verification is very easy,5,2026-05-12 10:57:16,DigiLocker,very useful application form saving all documents and online verification is very easy
DigiLocker,very good 👍,3,2026-05-12 10:33:38,DigiLocker,very good
DigiLocker,App is frequently crashing after latest update,2,2026-05-12 10:02:00,DigiLocker,app is frequently crashing after latest update
DigiLocker,good app for students document safe,3,2026-05-12 09:44:30,DigiLocker,good app for students document safe
DigiLocker,super,5,2026-05-12 08:26:27,DigiLocker,super
DigiLocker,"There is too much lag in this application. Whenever I try to log in again, it shows “Invalid option,” which is really frustrating. Even when I entered my correct date of birth, it still showed “Invalid DOB.” This app seriously needs improvement. Please fix these issues.",1,2026-05-12 07:08:44,DigiLocker,there is too much lag in this application whenever i try to log in again it shows invalid option which is really frustrating even when i entered my correct date of birth it still showed invalid dob this app seriously needs improvement please fix these issues
DigiLocker,it's not showing year below 2023 as I was searching marksheet of my polytechnic,1,2026-05-12 04:44:05,DigiLocker,its not showing year below 2023 as i was searching marksheet of my polytechnic
DigiLocker,very nice 💯,5,2026-05-12 02:29:21,DigiLocker,very nice
DigiLocker,kya faltu app hai isme mp board ke bohut se marksheet hi available nahi hai,2,2026-05-12 00:32:41,DigiLocker,kya faltu app hai isme mp board ke bohut se marksheet hi available nahi hai
DigiLocker,good apps,4,2026-05-11 23:37:44,DigiLocker,good apps
DigiLocker,good application,5,2026-05-11 21:25:07,DigiLocker,good application
DigiLocker,11 may time aa gya h download karne ka,5,2026-05-11 21:04:20,DigiLocker,11 may time aa gya h download karne ka
DigiLocker,After Last Update nothing is working 🤔🤔🤔,1,2026-05-11 19:51:28,DigiLocker,after last update nothing is working
DigiLocker,Yes there's option but under a folder not in direct display,5,2026-05-11 19:38:34,DigiLocker,yes theres option but under a folder not in direct display
DigiLocker,nice,5,2026-05-11 19:19:05,DigiLocker,nice
DigiLocker,I'm not able to get all the facilities from the app although I have registered a account like migration certificate etc,2,2026-05-11 19:12:36,DigiLocker,im not able to get all the facilities from the app although i have registered a account like migration certificate etc
DigiLocker,best and secure app,5,2026-05-11 17:31:52,DigiLocker,best and secure app
DigiLocker,"I'm not able to log in,also otp is not coming to my registered mobile number.",1,2026-05-11 16:48:59,DigiLocker,im not able to log inalso otp is not coming to my registered mobile number
DigiLocker,better,5,2026-05-11 16:48:52,DigiLocker,better
DigiLocker,good 👍,5,2026-05-11 16:20:35,DigiLocker,good
DigiLocker,good,5,2026-05-11 15:11:22,DigiLocker,good
DigiLocker,Goods. please app dark mode need apply. white light eye probhem here.. black eye see goods,5,2026-05-11 15:04:20,DigiLocker,goods please app dark mode need apply white light eye probhem here black eye see goods
DigiLocker,worst app,1,2026-05-11 14:30:35,DigiLocker,worst app
DigiLocker,"Significant stability issues are currently rendering this application unusable, particularly during high-priority scenarios. The app frequently fails to launch or freezes upon opening. This persistent lack of reliability has caused substantial disruptions to my workflow. I urge the development team to prioritize a fix for these critical bugs immediately.",1,2026-05-11 14:17:10,DigiLocker,significant stability issues are currently rendering this application unusable particularly during highpriority scenarios the app frequently fails to launch or freezes upon opening this persistent lack of reliability has caused substantial disruptions to my workflow i urge the development team to prioritize a fix for these critical bugs immediately
DigiLocker,I'm unable to sync my ABHA HEALTH ID CARD.,1,2026-05-11 13:33:32,DigiLocker,im unable to sync my abha health id card
DigiLocker,nice,5,2026-05-11 12:42:04,DigiLocker,nice
DigiLocker,Good,4,2026-05-11 11:33:25,DigiLocker,good
DigiLocker,bekar app hh hmesh meri low percentage ati hh,1,2026-05-11 11:27:29,DigiLocker,bekar app hh hmesh meri low percentage ati hh
DigiLocker,not working for Android 9.0 can't able to install,1,2026-05-11 10:33:49,DigiLocker,not working for android 90 cant able to install
DigiLocker,this app is totally waste They want us to varify but they dont provide Otp if a person is having a emergency than 🔥this app is totally waste,1,2026-05-11 09:33:16,DigiLocker,this app is totally waste they want us to varify but they dont provide otp if a person is having a emergency than this app is totally waste
DigiLocker,numero Uno. No other equallyworthy app to compare it with. granddd service in deed.,5,2026-05-11 08:39:20,DigiLocker,numero uno no other equallyworthy app to compare it with granddd service in deed
DigiLocker,are bhai isme bihar ka document bhi to add kro,2,2026-05-11 08:09:12,DigiLocker,are bhai isme bihar ka document bhi to add kro
DigiLocker,This app is good to store document it legally right for everyone but the document search and uploading in system of such documents are not working please fix it,4,2026-05-11 08:06:13,DigiLocker,this app is good to store document it legally right for everyone but the document search and uploading in system of such documents are not working please fix it
DigiLocker,very well app. It is very useful for Govt exams.,5,2026-05-11 07:52:43,DigiLocker,very well app it is very useful for govt exams
DigiLocker,nice,2,2026-05-11 07:49:44,DigiLocker,nice
DigiLocker,thank you,5,2026-05-11 06:12:40,DigiLocker,thank you
DigiLocker,class 10th and class 12th marksheet not available,3,2026-05-11 00:54:37,DigiLocker,class 10th and class 12th marksheet not available
DigiLocker,"worst security service, too much problems logging in",1,2026-05-11 00:18:59,DigiLocker,worst security service too much problems logging in
DigiLocker,nise,5,2026-05-10 21:17:04,DigiLocker,nise
DigiLocker,The app crashed immediately when trying to open.,1,2026-05-10 18:23:54,DigiLocker,the app crashed immediately when trying to open
DigiLocker,it keeps crashing on my pixel 8 pro . even after reinstalling it still crashes.,1,2026-05-10 17:20:31,DigiLocker,it keeps crashing on my pixel 8 pro  even after reinstalling it still crashes
DigiLocker,"Hello DigiLocker Team, I am facing a problem in DigiLocker. The document fetching/flashing option is not working properly and it shows “No Record Found” even though my details are correct. Please solve this issue as soon as possible. Thank you.",5,2026-05-10 16:24:58,DigiLocker,hello digilocker team i am facing a problem in digilocker the document fetchingflashing option is not working properly and it shows no record found even though my details are correct please solve this issue as soon as possible thank you
DigiLocker,Nice government app...,4,2026-05-10 16:03:16,DigiLocker,nice government app
DigiLocker,"worst, whenever I need it after 20-30 days it never have documents uploaded even I upload it many times and now I try to login the app stops responding. very disappointing whenever I need document on my phone.",1,2026-05-10 14:57:10,DigiLocker,worst whenever i need it after 2030 days it never have documents uploaded even i upload it many times and now i try to login the app stops responding very disappointing whenever i need document on my phone
DigiLocker,Nice,5,2026-05-10 14:42:19,DigiLocker,nice
DigiLocker,their is no option of add documents of bihar state examination board (BSEB) update this bug as soon as possible,1,2026-05-10 14:03:07,DigiLocker,their is no option of add documents of bihar state examination board bseb update this bug as soon as possible
DigiLocker,Time pass,3,2026-05-10 13:05:43,DigiLocker,time pass
DigiLocker,not working properly error close VPN.nothing is open,1,2026-05-10 12:17:38,DigiLocker,not working properly error close vpnnothing is open
DigiLocker,Nice application,5,2026-05-10 11:03:06,DigiLocker,nice application
DigiLocker,Very poor service.,3,2026-05-10 11:00:01,DigiLocker,very poor service
DigiLocker,ভাল এপ কেটিয়াবা কামত আহিব,5,2026-05-10 10:52:03,DigiLocker,ভল এপ কটয়ব কমত আহব
DigiLocker,truly nice app,4,2026-05-10 10:43:46,DigiLocker,truly nice app
DigiLocker,nice app,5,2026-05-10 09:39:11,DigiLocker,nice app
DigiLocker,"Horrible experience with this I noticed after a while that in switch account option showing a different account which is not mine and even in my account details a different phone number is showing which is also not mine, What is this nonsense, I can't even remove that account really feeling helpless, is that way our documents are safe ?",1,2026-05-10 09:00:55,DigiLocker,horrible experience with this i noticed after a while that in switch account option showing a different account which is not mine and even in my account details a different phone number is showing which is also not mine what is this nonsense i cant even remove that account really feeling helpless is that way our documents are safe
DigiLocker,Didn't work,1,2026-05-10 08:45:53,DigiLocker,didnt work
DigiLocker,"Very Good App, Thank You 🙂",4,2026-05-10 08:04:39,DigiLocker,very good app thank you
DigiLocker,poor service,1,2026-05-09 22:42:07,DigiLocker,poor service
DigiLocker,not fetching degree certificate. very bad app,1,2026-05-09 22:13:11,DigiLocker,not fetching degree certificate very bad app
DigiLocker,login trouble 😔😔,1,2026-05-09 20:56:22,DigiLocker,login trouble
DigiLocker,I am unable to login as I have forgotten the security pin and when I am using forgot pin option ..I am not getting otp on my registered number...Plz help me to login my account.,3,2026-05-09 19:08:47,DigiLocker,i am unable to login as i have forgotten the security pin and when i am using forgot pin option i am not getting otp on my registered numberplz help me to login my account
DigiLocker,very good app hai,5,2026-05-09 19:05:35,DigiLocker,very good app hai
DigiLocker,isn't starting in pixel 10,1,2026-05-09 18:47:38,DigiLocker,isnt starting in pixel 10
DigiLocker,Not worth it,1,2026-05-09 18:17:15,DigiLocker,not worth it
DigiLocker,always asking for updates. and asking for deleting other important apps. fed up.,1,2026-05-09 17:45:23,DigiLocker,always asking for updates and asking for deleting other important apps fed up
DigiLocker,asp is not working otp not giving,1,2026-05-09 17:17:11,DigiLocker,asp is not working otp not giving
DigiLocker,unable to add SSC certificate in this the year last 2019 now we are living in 2026 neglecting their responsibility to update year...,2,2026-05-09 16:00:43,DigiLocker,unable to add ssc certificate in this the year last 2019 now we are living in 2026 neglecting their responsibility to update year
DigiLocker,At the starting it was working smoothly but afterwards not a single document is downloading and all the details are given correctly then also... Please fix the issue asap,2,2026-05-09 15:23:29,DigiLocker,at the starting it was working smoothly but afterwards not a single document is downloading and all the details are given correctly then also please fix the issue asap
DigiLocker,nor working,1,2026-05-09 13:59:20,DigiLocker,nor working
DigiLocker,all is ok but recently released intermediate of ap results digilocker is not showing the academic year 2026 it means intermediate Andhra pradhesh results of academic year 2026 is not uploaded yet,3,2026-05-09 13:53:03,DigiLocker,all is ok but recently released intermediate of ap results digilocker is not showing the academic year 2026 it means intermediate andhra pradhesh results of academic year 2026 is not uploaded yet
DigiLocker,fine,5,2026-05-09 13:14:03,DigiLocker,fine
DigiLocker,good,4,2026-05-09 12:51:43,DigiLocker,good
DigiLocker,Please update the app because the TBSE Board Result section is still showing only 2025 results. The 2026 result is not available yet. Kindly fix this issue as soon as possible. Edit: i not get any solution,2,2026-05-09 12:29:32,DigiLocker,please update the app because the tbse board result section is still showing only 2025 results the 2026 result is not available yet kindly fix this issue as soon as possible edit i not get any solution
DigiLocker,excellent,5,2026-05-09 12:05:56,DigiLocker,excellent
DigiLocker,Very bad rsponse,1,2026-05-09 10:53:40,DigiLocker,very bad rsponse
DigiLocker,good,5,2026-05-09 10:41:30,DigiLocker,good
DigiLocker,very good 👍,5,2026-05-09 10:38:12,DigiLocker,very good
DigiLocker,Thank you.I lost my Sim card and Aadhaar card.Digilocker helped me retrieve.,5,2026-05-09 00:31:54,DigiLocker,thank youi lost my sim card and aadhaar carddigilocker helped me retrieve
DigiLocker,"Please verify documents using Aadhaar and roll numbers instead of matching names, as minor spelling mismatches currently block my marksheet downloads",5,2026-05-09 00:08:04,DigiLocker,please verify documents using aadhaar and roll numbers instead of matching names as minor spelling mismatches currently block my marksheet downloads
DigiLocker,One of the worst app I have ever used,1,2026-05-08 23:14:18,DigiLocker,one of the worst app i have ever used
DigiLocker,super,5,2026-05-08 22:34:18,DigiLocker,super
DigiLocker,very good to use,5,2026-05-08 22:23:09,DigiLocker,very good to use
DigiLocker,best super,5,2026-05-08 21:14:47,DigiLocker,best super
DigiLocker,"Digilocker show wrong data, it takes mismatch data.",1,2026-05-08 20:59:15,DigiLocker,digilocker show wrong data it takes mismatch data
DigiLocker,I have completed my 12th in 2025 and still it doesn't show certificate add option of 2025 12th certificate,3,2026-05-08 20:55:33,DigiLocker,i have completed my 12th in 2025 and still it doesnt show certificate add option of 2025 12th certificate
DigiLocker,useless!,1,2026-05-08 20:46:00,DigiLocker,useless
DigiLocker,seamless,1,2026-05-08 18:50:10,DigiLocker,seamless
DigiLocker,Nice,5,2026-05-08 17:31:03,DigiLocker,nice
DigiLocker,very nice,4,2026-05-08 16:38:41,DigiLocker,very nice
DigiLocker,nice,5,2026-05-08 15:39:37,DigiLocker,nice
DigiLocker,In this app login & verification problems after update.Other wise it is better. It is not easily handy for relogin. This is Indian government app But after updates It is blocked my account.There is no unblock facility available now Developer take action,1,2026-05-08 15:10:42,DigiLocker,in this app login  verification problems after updateother wise it is better it is not easily handy for relogin this is indian government app but after updates it is blocked my accountthere is no unblock facility available now developer take action
DigiLocker,I am not able to add Maharashtra HSC marksheet as the year 2026 is not appearing in year selection list. Why year 2026 is not present in Maharashtra HSC board marksheet download option ? There are 2024 year present twice but not 2026.,1,2026-05-08 15:06:16,DigiLocker,i am not able to add maharashtra hsc marksheet as the year 2026 is not appearing in year selection list why year 2026 is not present in maharashtra hsc board marksheet download option  there are 2024 year present twice but not 2026
DigiLocker,good company,5,2026-05-08 14:05:03,DigiLocker,good company
DigiLocker,safe and good,5,2026-05-08 13:20:56,DigiLocker,safe and good
DigiLocker,bakwaas,1,2026-05-08 13:10:53,DigiLocker,bakwaas
DigiLocker,unable to verify adhar card due to technical issues,4,2026-05-08 12:57:30,DigiLocker,unable to verify adhar card due to technical issues
DigiLocker,very good,5,2026-05-08 12:07:48,DigiLocker,very good
DigiLocker,not working properly,3,2026-05-08 10:48:30,DigiLocker,not working properly
DigiLocker,good awesome app,5,2026-05-08 07:48:47,DigiLocker,good awesome app
DigiLocker,great,5,2026-05-08 07:27:49,DigiLocker,great
DigiLocker,very good,5,2026-05-08 02:23:25,DigiLocker,very good
DigiLocker,"plz help me i m from Hyderabad telangana state, when i m updating my vehicle documents facing how to change vehicle RC state from karnataka to telangana...",5,2026-05-08 01:15:51,DigiLocker,plz help me i m from hyderabad telangana state when i m updating my vehicle documents facing how to change vehicle rc state from karnataka to telangana
DigiLocker,make it easy to enroll,4,2026-05-07 22:44:08,DigiLocker,make it easy to enroll
DigiLocker,"Very worst app, I am very disappointed by this poor app services.",1,2026-05-07 22:03:06,DigiLocker,very worst app i am very disappointed by this poor app services
DigiLocker,very good 👍,5,2026-05-07 20:27:55,DigiLocker,very good
DigiLocker,good good,5,2026-05-07 20:00:02,DigiLocker,good good
DigiLocker,good app,4,2026-05-07 19:46:53,DigiLocker,good app
DigiLocker,super,5,2026-05-07 19:40:34,DigiLocker,super
DigiLocker,good,5,2026-05-07 19:35:47,DigiLocker,good
DigiLocker,I'm not able to find the telengana 12th board marksheet .even if I search TSBIE or TGBIE .I need it for my entrance exams and it's not even uploaded.even the year 2026 is not updated.,1,2026-05-07 17:05:22,DigiLocker,im not able to find the telengana 12th board marksheet even if i search tsbie or tgbie i need it for my entrance exams and its not even uploadedeven the year 2026 is not updated
DigiLocker,"There is always a server issue, my result was not downloaded and I was not able to fill the form also, I have been downloading it for a long time, now whom should I go to, the result is not available offline, it is available only in DigiLocker.",1,2026-05-07 16:54:09,DigiLocker,there is always a server issue my result was not downloaded and i was not able to fill the form also i have been downloading it for a long time now whom should i go to the result is not available offline it is available only in digilocker
DigiLocker,app not open,3,2026-05-07 15:30:25,DigiLocker,app not open
DigiLocker,"Good but please add some more option for West Bengal, like Marriage certificate, Epic card, Madhymik Result before 2009, Abha card, WBSUB Result .",2,2026-05-07 14:56:37,DigiLocker,good but please add some more option for west bengal like marriage certificate epic card madhymik result before 2009 abha card wbsub result
DigiLocker,good,4,2026-05-07 13:43:27,DigiLocker,good
DigiLocker,best app for document and secure,5,2026-05-07 12:07:33,DigiLocker,best app for document and secure
DigiLocker,"not opening, it shows ""oops something went wrong please try it later"" every time I try it to open...I tried it with different cellphones but problem is same",1,2026-05-07 12:00:38,DigiLocker,not opening it shows oops something went wrong please try it later every time i try it to openi tried it with different cellphones but problem is same
DigiLocker,add e voter option to add voter id card digital,5,2026-05-07 11:37:50,DigiLocker,add e voter option to add voter id card digital
DigiLocker,Indigenous and tremendous app.,5,2026-05-07 11:28:43,DigiLocker,indigenous and tremendous app
DigiLocker,open nhi ho rha,1,2026-05-07 10:56:35,DigiLocker,open nhi ho rha
DigiLocker,it is safe application,5,2026-05-07 10:04:32,DigiLocker,it is safe application
DigiLocker,open nhi होगी raha h,5,2026-05-07 09:22:07,DigiLocker,open nhi हग raha h
DigiLocker,good,3,2026-05-07 09:04:54,DigiLocker,good
DigiLocker,I want forget password but otp is not generating please solve this problem,2,2026-05-07 07:26:58,DigiLocker,i want forget password but otp is not generating please solve this problem
DigiLocker,"No aney report card is showing of this year. It's very bad, please update this setting, for better experience. And most of Maharashtra state documents was place issue. l request to fix this bug.",2,2026-05-07 06:50:52,DigiLocker,no aney report card is showing of this year its very bad please update this setting for better experience and most of maharashtra state documents was place issue l request to fix this bug
DigiLocker,nice,5,2026-05-07 01:08:04,DigiLocker,nice
DigiLocker,good,5,2026-05-06 21:10:41,DigiLocker,good
DigiLocker,need to make login easy,3,2026-05-06 18:52:00,DigiLocker,need to make login easy
DigiLocker,nice app,5,2026-05-06 18:07:46,DigiLocker,nice app
DigiLocker,good,5,2026-05-06 14:52:23,DigiLocker,good
DigiLocker,is app very very good,5,2026-05-06 14:19:29,DigiLocker,is app very very good
DigiLocker,good,5,2026-05-06 13:26:52,DigiLocker,good
DigiLocker,All things are good but in 10th marksheet there bihar state board is not available please add the bihar board so I can save my 10th marksheet,4,2026-05-06 12:27:54,DigiLocker,all things are good but in 10th marksheet there bihar state board is not available please add the bihar board so i can save my 10th marksheet
DigiLocker,worst experience sometime account already logout and cause problems in logging again,1,2026-05-06 10:59:27,DigiLocker,worst experience sometime account already logout and cause problems in logging again
DigiLocker,fake,1,2026-05-06 10:44:24,DigiLocker,fake
DigiLocker,वैरी bad,1,2026-05-06 10:24:26,DigiLocker,वर bad
DigiLocker,document ke liye best,5,2026-05-06 08:25:02,DigiLocker,document ke liye best
DigiLocker,nice,5,2026-05-06 07:47:57,DigiLocker,nice
DigiLocker,"Whenever this app is required, it asks for login and does not work. This app is completely bogus and very disappointing.",1,2026-05-05 20:53:28,DigiLocker,whenever this app is required it asks for login and does not work this app is completely bogus and very disappointing
DigiLocker,yah! better:),4,2026-05-05 18:48:50,DigiLocker,yah better
DigiLocker,it's bad app.. use less,1,2026-05-05 17:28:22,DigiLocker,its bad app use less
DigiLocker,"Missing Year 2022 for RBSE Class 12 I am trying to fetch my Class 12th Marksheet for the Rajasthan Board of Secondary Education (RBSE), but the year ""2022"" is completely missing from the drop-down menu. The list jumps straight from 2021 to 2023. Please fix this bug and add 2022 to the list as soon as possible so students from that batch can access their documents.",5,2026-05-05 16:10:56,DigiLocker,missing year 2022 for rbse class 12 i am trying to fetch my class 12th marksheet for the rajasthan board of secondary education rbse but the year 2022 is completely missing from the dropdown menu the list jumps straight from 2021 to 2023 please fix this bug and add 2022 to the list as soon as possible so students from that batch can access their documents
DigiLocker,need login and create new options need update new options,2,2026-05-05 16:08:18,DigiLocker,need login and create new options need update new options
DigiLocker,"iam frustrated using this app, asking every time to turn developer options , but i turned off already , just causing headache",1,2026-05-05 15:28:01,DigiLocker,iam frustrated using this app asking every time to turn developer options  but i turned off already  just causing headache
DigiLocker,good app,5,2026-05-05 14:52:34,DigiLocker,good app
DigiLocker,"it signs out on its own, when I entered the pin it says incorrect pin then trying from logging in using OTP, no OTP is sent. I've updated my phone number in aadhar and since then I haven't been able to access my documents",2,2026-05-05 12:46:41,DigiLocker,it signs out on its own when i entered the pin it says incorrect pin then trying from logging in using otp no otp is sent ive updated my phone number in aadhar and since then i havent been able to access my documents
DigiLocker,good,5,2026-05-05 11:44:49,DigiLocker,good
DigiLocker,The app supports many languages but not Urdu.,1,2026-05-05 09:52:09,DigiLocker,the app supports many languages but not urdu
DigiLocker,nice,5,2026-05-05 07:36:53,DigiLocker,nice
DigiLocker,Login problem,1,2026-05-05 03:01:30,DigiLocker,login problem
DigiLocker,logout problem and loading problem,3,2026-05-05 00:33:23,DigiLocker,logout problem and loading problem
DigiLocker,"After an update, we aren't able to open the app without updating the app. An update can drop anytime so what would I do in a situation where I need to view my documents urgently and I just can't because some update came.. Make app usable without updating to latest version atleast for 'fixed some bugs' type minor updates.",4,2026-05-04 23:41:05,DigiLocker,after an update we arent able to open the app without updating the app an update can drop anytime so what would i do in a situation where i need to view my documents urgently and i just cant because some update came make app usable without updating to latest version atleast for fixed some bugs type minor updates
DigiLocker,Third class apps each document shown error,1,2026-05-04 23:09:13,DigiLocker,third class apps each document shown error
DigiLocker,nice app,5,2026-05-04 21:36:27,DigiLocker,nice app
DigiLocker,excellent,5,2026-05-04 20:54:55,DigiLocker,excellent
DigiLocker,Good,5,2026-05-04 18:34:48,DigiLocker,good
DigiLocker,nice,5,2026-05-04 17:28:28,DigiLocker,nice
DigiLocker,Please add an option to save the document so we can view the documents offline inside the app itself.,4,2026-05-04 17:15:43,DigiLocker,please add an option to save the document so we can view the documents offline inside the app itself
DigiLocker,very nice app helpful,5,2026-05-04 16:41:41,DigiLocker,very nice app helpful
DigiLocker,"Can you please add the Department of technical education, Tami Nadu to get a diploma certificate?",4,2026-05-04 15:02:06,DigiLocker,can you please add the department of technical education tami nadu to get a diploma certificate
DigiLocker,driving licence never considered valid on digilocor,3,2026-05-04 13:39:14,DigiLocker,driving licence never considered valid on digilocor
DigiLocker,"Cannot access umang epf passbook When I put in my UAN and click send OTP, I do receive OTP but no text box to enter the OTP. Facing this issue since more than a month",3,2026-05-04 12:07:26,DigiLocker,cannot access umang epf passbook when i put in my uan and click send otp i do receive otp but no text box to enter the otp facing this issue since more than a month
DigiLocker,good service 👍🏻,5,2026-05-04 11:41:56,DigiLocker,good service
DigiLocker,very good app,5,2026-05-04 11:02:09,DigiLocker,very good app
DigiLocker,acha hai,5,2026-05-04 10:14:19,DigiLocker,acha hai
DigiLocker,forget pin otp not received,1,2026-05-04 03:30:49,DigiLocker,forget pin otp not received
DigiLocker,"app is not working properly, whenever i want to see some of my docs nothing happened it showed error",2,2026-05-04 01:04:56,DigiLocker,app is not working properly whenever i want to see some of my docs nothing happened it showed error
DigiLocker,"DigiLocker is a very useful app for storing important documents like DL and RC 📄.However, frequent logouts and login issues make it inconvenient in urgent situations ⏳. Sometimes OTPs do not arrive or login attempts get blocked ❌, making access frustrating.Since these documents are essential for emergencies and official checks ⚠️, reliability is affected.The app should improve session stability, reduce forced logouts, and make login more flexible for smoother access 👍",2,2026-05-03 22:24:58,DigiLocker,digilocker is a very useful app for storing important documents like dl and rc however frequent logouts and login issues make it inconvenient in urgent situations  sometimes otps do not arrive or login attempts get blocked  making access frustratingsince these documents are essential for emergencies and official checks  reliability is affectedthe app should improve session stability reduce forced logouts and make login more flexible for smoother access
DigiLocker,nice,4,2026-05-03 22:18:23,DigiLocker,nice
DigiLocker,nice,5,2026-05-03 20:50:19,DigiLocker,nice
DigiLocker,mera digilocker shalu nahi hota,5,2026-05-03 20:12:33,DigiLocker,mera digilocker shalu nahi hota
DigiLocker,this is not use for bihar board students,1,2026-05-03 19:46:30,DigiLocker,this is not use for bihar board students
DigiLocker,today my digi locker not running it's locked how can I run it again,5,2026-05-03 18:31:57,DigiLocker,today my digi locker not running its locked how can i run it again
DigiLocker,good app,5,2026-05-03 18:09:06,DigiLocker,good app
DigiLocker,this is very good and useful aap for saving educational information,5,2026-05-03 15:31:04,DigiLocker,this is very good and useful aap for saving educational information
DigiLocker,exclent,5,2026-05-03 15:23:14,DigiLocker,exclent
DigiLocker,isme bihar board nii h plz isme bihar board ka add kro marksheet k liye agar add nii krenge to ye app mere kam ka nii h waste of me in my mobile,1,2026-05-03 14:36:49,DigiLocker,isme bihar board nii h plz isme bihar board ka add kro marksheet k liye agar add nii krenge to ye app mere kam ka nii h waste of me in my mobile
DigiLocker,our locker 🥰,5,2026-05-03 14:05:40,DigiLocker,our locker
DigiLocker,Worst Application,1,2026-05-03 13:40:46,DigiLocker,worst application
DigiLocker,otp nhi ati he sudhar kro thoda,2,2026-05-03 13:40:32,DigiLocker,otp nhi ati he sudhar kro thoda
DigiLocker,jub police wale digi locker accpet hi nhi karte rc dekh ne ke liyeee to ye app banaya hi kyu bevakuff,1,2026-05-03 10:45:03,DigiLocker,jub police wale digi locker accpet hi nhi karte rc dekh ne ke liyeee to ye app banaya hi kyu bevakuff
DigiLocker,unable to open the app...idk what's going on..bugs or caches,1,2026-05-03 08:05:11,DigiLocker,unable to open the appidk whats going onbugs or caches
DigiLocker,my digilocker password not working,1,2026-05-03 07:59:43,DigiLocker,my digilocker password not working
DigiLocker,good 👍 aap,5,2026-05-03 07:28:49,DigiLocker,good  aap
DigiLocker,Not Like,1,2026-05-03 07:13:06,DigiLocker,not like
DigiLocker,outstanding,5,2026-05-03 05:59:12,DigiLocker,outstanding
DigiLocker,fantastic. wow!!,5,2026-05-03 02:12:38,DigiLocker,fantastic wow
DigiLocker,worst existing app...very very bad service...not at all helpful,1,2026-05-02 20:05:31,DigiLocker,worst existing appvery very bad servicenot at all helpful
DigiLocker,Good,4,2026-05-02 18:05:00,DigiLocker,good
DigiLocker,good,4,2026-05-02 15:35:35,DigiLocker,good
DigiLocker,The previous versions used to work with developer mode enabled. This one doesn't :(,1,2026-05-02 13:56:21,DigiLocker,the previous versions used to work with developer mode enabled this one doesnt
DigiLocker,Good performance..,5,2026-05-02 12:16:32,DigiLocker,good performance
DigiLocker,it is a good app it helped me a lot,5,2026-05-02 10:31:53,DigiLocker,it is a good app it helped me a lot
DigiLocker,super,5,2026-05-02 10:13:28,DigiLocker,super
DigiLocker,nice app 👌 👍,5,2026-05-02 09:15:30,DigiLocker,nice app
DigiLocker,good,5,2026-05-02 08:56:03,DigiLocker,good
DigiLocker,sahi details dene se v document download nahi hora hai faltu app,1,2026-05-02 08:39:36,DigiLocker,sahi details dene se v document download nahi hora hai faltu app
DigiLocker,Worst app,1,2026-05-02 00:38:19,DigiLocker,worst app
DigiLocker,app Crash kar jati hai.....or 2 se 4 din bad update ata hai.......itna update nehi ana chahiye....kiuki bina update ki app open e nehi hoti hai,1,2026-05-01 22:49:37,DigiLocker,app crash kar jati haior 2 se 4 din bad update ata haiitna update nehi ana chahiyekiuki bina update ki app open e nehi hoti hai
DigiLocker,good,5,2026-05-01 22:48:58,DigiLocker,good
DigiLocker,location permission shows when opening this app which affects battery health,1,2026-05-01 21:25:26,DigiLocker,location permission shows when opening this app which affects battery health
DigiLocker,facing many issues and not able to view any documents. I have already linked aadhar then too after every steps it asks to validate. the irony is indont know whom to contact for support,1,2026-05-01 21:15:38,DigiLocker,facing many issues and not able to view any documents i have already linked aadhar then too after every steps it asks to validate the irony is indont know whom to contact for support
DigiLocker,worst experience,1,2026-05-01 20:47:12,DigiLocker,worst experience
DigiLocker,good,5,2026-05-01 20:32:07,DigiLocker,good
DigiLocker,this app is bast for chaking your results online,5,2026-05-01 20:13:45,DigiLocker,this app is bast for chaking your results online
DigiLocker,best photo,1,2026-05-01 19:34:26,DigiLocker,best photo
DigiLocker,ghatiya app of india,1,2026-05-01 18:57:12,DigiLocker,ghatiya app of india
DigiLocker,good,5,2026-05-01 18:56:48,DigiLocker,good
DigiLocker,nice,5,2026-05-01 18:50:51,DigiLocker,nice
DigiLocker,good,5,2026-05-01 18:34:41,DigiLocker,good
DigiLocker,It's Amazing 😊,5,2026-05-01 17:30:29,DigiLocker,its amazing
DigiLocker,Nice 👍,5,2026-05-01 17:15:24,DigiLocker,nice
DigiLocker,"very frustrating experience bcoz I was trying to get my 10th marksheet and I entered all details using my physical marksheet with me then also it was showing invalid year entered I tried many times but it didn't worked, so i finally uninstalled it.",1,2026-05-01 15:18:15,DigiLocker,very frustrating experience bcoz i was trying to get my 10th marksheet and i entered all details using my physical marksheet with me then also it was showing invalid year entered i tried many times but it didnt worked so i finally uninstalled it
DigiLocker,best app for documents which link adhar card,4,2026-05-01 15:04:05,DigiLocker,best app for documents which link adhar card
DigiLocker,good,4,2026-05-01 14:53:16,DigiLocker,good
DigiLocker,good,5,2026-05-01 14:29:04,DigiLocker,good
DigiLocker,good,5,2026-05-01 13:49:19,DigiLocker,good
DigiLocker,Very sad to see them forcing us to turn off developer mode. Developer Mode helps with accessibility. Do better.,1,2026-05-01 13:39:14,DigiLocker,very sad to see them forcing us to turn off developer mode developer mode helps with accessibility do better
DigiLocker,Karnataka ration card options is not there... digilocker is a neglecting Karnataka...?,1,2026-05-01 13:29:09,DigiLocker,karnataka ration card options is not there digilocker is a neglecting karnataka
DigiLocker,VERY GOOD,5,2026-05-01 13:18:06,DigiLocker,very good
DigiLocker,does what it's supposed to do,5,2026-05-01 13:10:15,DigiLocker,does what its supposed to do
DigiLocker,Change digilocker user interface 2026-27 and unlock all new latest features.,5,2026-05-01 10:59:57,DigiLocker,change digilocker user interface 202627 and unlock all new latest features
DigiLocker,not working properly,1,2026-05-01 09:05:17,DigiLocker,not working properly
DigiLocker,"DigiLocker has made my life so much easier! I no longer worry about carrying physical copies of my Driving License or RC. It is officially recognized by traffic police and at airports, making it a true lifesaver for travelers. Proud of this Digital India initiative!",4,2026-05-01 07:54:38,DigiLocker,digilocker has made my life so much easier i no longer worry about carrying physical copies of my driving license or rc it is officially recognized by traffic police and at airports making it a true lifesaver for travelers proud of this digital india initiative
DigiLocker,why digilocker didn't provide bihar name ... when I'm uploading my class 10 mark shet their is no option of bihar also same as 12,1,2026-05-01 01:31:53,DigiLocker,why digilocker didnt provide bihar name  when im uploading my class 10 mark shet their is no option of bihar also same as 12
DigiLocker,his app very good,5,2026-04-30 20:52:30,DigiLocker,his app very good
DigiLocker,result naaa aaayeee bss,5,2026-04-30 19:39:12,DigiLocker,result naaa aaayeee bss
DigiLocker,nice,5,2026-04-30 18:37:15,DigiLocker,nice
DigiLocker,good,5,2026-04-30 16:39:06,DigiLocker,good
DigiLocker,good,5,2026-04-30 15:30:18,DigiLocker,good
DigiLocker,good,5,2026-04-30 13:29:07,DigiLocker,good
DigiLocker,good,5,2026-04-30 11:37:09,DigiLocker,good
DigiLocker,good,5,2026-04-30 11:17:36,DigiLocker,good
DigiLocker,"In this app my experience are good But i want to get my 12 th pass certificate (ahsec) because i lost my certificate,in this app only allowed to see previous 4 year documents only. please increase the previous year",4,2026-04-30 10:59:01,DigiLocker,in this app my experience are good but i want to get my 12 th pass certificate ahsec because i lost my certificatein this app only allowed to see previous 4 year documents only please increase the previous year
DigiLocker,My favourite app but my full document its,5,2026-04-30 10:30:42,DigiLocker,my favourite app but my full document its
DigiLocker,not so good,3,2026-04-30 10:28:55,DigiLocker,not so good
DigiLocker,Best,5,2026-04-30 09:23:08,DigiLocker,best
DigiLocker,"This application should be edited in such a way keeping in mind that only the valid user can login by entering his or her AADHAR number & validating the same with the concerned person's thumb / finger scan / eye scan only. OTP system is NOT robust. All academic & technical records (upto any level) pertaining to successful candidates should be made available in the said app with reference to the defined roll number(s) (including their modified form, if any). Mr. Avijit Gupta",3,2026-04-30 09:17:59,DigiLocker,this application should be edited in such a way keeping in mind that only the valid user can login by entering his or her aadhar number  validating the same with the concerned persons thumb  finger scan  eye scan only otp system is not robust all academic  technical records upto any level pertaining to successful candidates should be made available in the said app with reference to the defined roll numbers including their modified form if any mr avijit gupta
DigiLocker,best for all documents,5,2026-04-30 06:13:34,DigiLocker,best for all documents
DigiLocker,Good,5,2026-04-29 22:45:15,DigiLocker,good
DigiLocker,Digi locker does not need adhaar authentication because it's not valid proof for login as per law,1,2026-04-29 22:31:39,DigiLocker,digi locker does not need adhaar authentication because its not valid proof for login as per law
DigiLocker,good👍,5,2026-04-29 22:30:48,DigiLocker,good
DigiLocker,I want to know about my quarry and complaint,4,2026-04-29 17:21:26,DigiLocker,i want to know about my quarry and complaint
DigiLocker,I love this app it's safe and secure our all documents are safe here and its works very good and its beautiful app,5,2026-04-29 17:09:34,DigiLocker,i love this app its safe and secure our all documents are safe here and its works very good and its beautiful app
DigiLocker,good,5,2026-04-29 14:51:44,DigiLocker,good
DigiLocker,verry good,5,2026-04-29 14:14:12,DigiLocker,verry good
DigiLocker,This is very good app,5,2026-04-29 13:45:14,DigiLocker,this is very good app
DigiLocker,otp not receiving fix the bug !!,1,2026-04-29 12:09:58,DigiLocker,otp not receiving fix the bug
DigiLocker,every time It takes so much time to issue an otp.,1,2026-04-29 11:10:00,DigiLocker,every time it takes so much time to issue an otp
DigiLocker,The app ui does not align with the phone's display,1,2026-04-29 11:01:57,DigiLocker,the app ui does not align with the phones display
DigiLocker,good,5,2026-04-29 10:43:23,DigiLocker,good
DigiLocker,not working at all,1,2026-04-29 10:25:55,DigiLocker,not working at all
DigiLocker,good app,5,2026-04-29 10:08:50,DigiLocker,good app
DigiLocker,"Very good, you are there, there is no need to keep any document with you.",5,2026-04-29 08:29:08,DigiLocker,very good you are there there is no need to keep any document with you
DigiLocker,good,5,2026-04-29 04:18:02,DigiLocker,good
DigiLocker,I dont understand the reason why notifications and location permissions are necessary to use the app. Can you explain why do you actually need the notifications access for the app to function?,1,2026-04-29 02:05:30,DigiLocker,i dont understand the reason why notifications and location permissions are necessary to use the app can you explain why do you actually need the notifications access for the app to function
DigiLocker,good 👍🏻,3,2026-04-28 23:29:33,DigiLocker,good
DigiLocker,this Digilocker is very easy to access and I am opened my provisional markscard of 10th class of state board,5,2026-04-28 22:06:02,DigiLocker,this digilocker is very easy to access and i am opened my provisional markscard of 10th class of state board
DigiLocker,good,5,2026-04-28 21:26:35,DigiLocker,good
DigiLocker,Every time there is an update I have to login again. Please fix it.,4,2026-04-28 20:08:07,DigiLocker,every time there is an update i have to login again please fix it
DigiLocker,"Good Experience. User friendly & Document Supportive app, Especially for Govt stuffs. found it extremely handy.",5,2026-04-28 18:22:35,DigiLocker,good experience user friendly  document supportive app especially for govt stuffs found it extremely handy
DigiLocker,not working,2,2026-04-28 16:58:48,DigiLocker,not working
DigiLocker,good,5,2026-04-28 16:35:02,DigiLocker,good
DigiLocker,good 👍,5,2026-04-28 16:28:24,DigiLocker,good
DigiLocker,I like this app because but I rate 4 because it take too time to upload and more is that your server is down that is what I rate you 4⭐,4,2026-04-28 16:18:39,DigiLocker,i like this app because but i rate 4 because it take too time to upload and more is that your server is down that is what i rate you 4
DigiLocker,very good 👍,5,2026-04-28 15:58:16,DigiLocker,very good
DigiLocker,worst app keep telling me to verify.... replace the current coders and put derin Mathew as a coder,1,2026-04-28 14:52:49,DigiLocker,worst app keep telling me to verify replace the current coders and put derin mathew as a coder
DigiLocker,excellent,5,2026-04-28 13:58:15,DigiLocker,excellent
DigiLocker,best,5,2026-04-28 13:51:25,DigiLocker,best
DigiLocker,Good every document safely upload,4,2026-04-28 13:06:55,DigiLocker,good every document safely upload
DigiLocker,"Getting Adhaar not verified issue, even though in verification section it says already verified. please tell which authority to contact.",1,2026-04-28 13:06:32,DigiLocker,getting adhaar not verified issue even though in verification section it says already verified please tell which authority to contact
DigiLocker,nice,5,2026-04-28 10:27:47,DigiLocker,nice
DigiLocker,update problam digilocker not open my vivo y83pro mobile phone,1,2026-04-28 08:14:39,DigiLocker,update problam digilocker not open my vivo y83pro mobile phone
DigiLocker,this app is too good😊😊,5,2026-04-28 05:47:07,DigiLocker,this app is too good
DigiLocker,average,1,2026-04-28 01:57:44,DigiLocker,average
DigiLocker,improvement ka necessary hai,2,2026-04-27 20:34:22,DigiLocker,improvement ka necessary hai
DigiLocker,very useful app 🙂,5,2026-04-27 17:58:03,DigiLocker,very useful app
DigiLocker,"Assam state of open school , passout 2021 , class 12 , certificate adding problem . please solve .",1,2026-04-27 17:52:44,DigiLocker,assam state of open school  passout 2021  class 12  certificate adding problem  please solve
DigiLocker,excellent,5,2026-04-27 14:00:54,DigiLocker,excellent
DigiLocker,usefully aap,5,2026-04-27 13:42:09,DigiLocker,usefully aap
DigiLocker,useful,5,2026-04-27 12:48:28,DigiLocker,useful
DigiLocker,good,5,2026-04-27 12:26:12,DigiLocker,good
DigiLocker,satisfactory,3,2026-04-27 10:58:38,DigiLocker,satisfactory
DigiLocker,good,5,2026-04-27 10:40:49,DigiLocker,good
DigiLocker,This app is very bad,1,2026-04-27 10:12:53,DigiLocker,this app is very bad
DigiLocker,excellent,5,2026-04-27 08:32:11,DigiLocker,excellent
DigiLocker,full safety nice safety,5,2026-04-27 08:22:51,DigiLocker,full safety nice safety
DigiLocker,Good,5,2026-04-27 07:54:30,DigiLocker,good
DigiLocker,nice.,5,2026-04-27 07:07:40,DigiLocker,nice
DigiLocker,hard to login,1,2026-04-27 06:35:28,DigiLocker,hard to login
DigiLocker,nice,5,2026-04-27 00:26:51,DigiLocker,nice
DigiLocker,Ye app bahut acha hain but isko sabhi state board ko bhi add karna chahiye kyuki mein Bihar Board se hu and I'm unable to download Marksheet and Migration certificate please pay attention on this topic,2,2026-04-26 17:37:08,DigiLocker,ye app bahut acha hain but isko sabhi state board ko bhi add karna chahiye kyuki mein bihar board se hu and im unable to download marksheet and migration certificate please pay attention on this topic
DigiLocker,so much server issue and lack of management in UI.,3,2026-04-26 16:54:16,DigiLocker,so much server issue and lack of management in ui
DigiLocker,good,5,2026-04-26 13:00:44,DigiLocker,good
DigiLocker,it's not work in my mobile. how to see my 10th result it's not work.,1,2026-04-26 11:47:44,DigiLocker,its not work in my mobile how to see my 10th result its not work
DigiLocker,nice 🙂🙂👍👍👍👍👍,5,2026-04-26 11:01:01,DigiLocker,nice
DigiLocker,this app is very useful for documents,5,2026-04-26 10:58:02,DigiLocker,this app is very useful for documents
DigiLocker,best,5,2026-04-26 10:15:18,DigiLocker,best
DigiLocker,super experience,5,2026-04-26 10:09:26,DigiLocker,super experience
DigiLocker,great,5,2026-04-26 08:47:32,DigiLocker,great
DigiLocker,Best and sefli app,5,2026-04-26 08:34:12,DigiLocker,best and sefli app
DigiLocker,bad,1,2026-04-26 08:13:12,DigiLocker,bad
DigiLocker,nice👍,5,2026-04-26 08:11:14,DigiLocker,nice
DigiLocker,best app,5,2026-04-25 23:19:51,DigiLocker,best app
DigiLocker,best for accessibility,5,2026-04-25 20:38:32,DigiLocker,best for accessibility
DigiLocker,from past few days I am not able to open app as VPN error coming again and again.. please help to get it resolve.. in user setting I have checked but can't find any VPN related issue.. please get it resolve,1,2026-04-25 20:03:39,DigiLocker,from past few days i am not able to open app as vpn error coming again and again please help to get it resolve in user setting i have checked but cant find any vpn related issue please get it resolve
DigiLocker,very good,4,2026-04-25 16:38:44,DigiLocker,very good
DigiLocker,good,5,2026-04-25 16:19:46,DigiLocker,good
DigiLocker,good,5,2026-04-25 16:02:22,DigiLocker,good
DigiLocker,nice,5,2026-04-25 15:33:29,DigiLocker,nice
DigiLocker,secure,5,2026-04-25 14:33:12,DigiLocker,secure
DigiLocker,"Good,safe to use.",5,2026-04-25 14:30:42,DigiLocker,goodsafe to use
DigiLocker,"Worst app, couldn't ge degree mrks sheet. need to update and make it easy for user",1,2026-04-25 13:27:36,DigiLocker,worst app couldnt ge degree mrks sheet need to update and make it easy for user
DigiLocker,बहुत ही ज्यादा घटिया ऐप है इसके भरोसे में मत रहना आधी अधूरी जानकारी बताता है अगर आप अपनी डिग्री सर्टिफिकेट डॉक्यूमेंट चेक करोगे तो यह उसे स्टेट का नाम ही नहीं बताता है या यूनिवर्सिटी ही नहीं बताता तो आप कैसे डाउनलोड करोगे,1,2026-04-25 12:11:10,DigiLocker,बहत ह जयद घटय ऐप ह इसक भरस म मत रहन आध अधर जनकर बतत ह अगर आप अपन डगर सरटफकट डकयमट चक करग त यह उस सटट क नम ह नह बतत ह य यनवरसट ह नह बतत त आप कस डउनलड करग
DigiLocker,i really disappointed because I uploaded iti marksheet and certificate but my passing year are not present in the app,1,2026-04-25 11:44:11,DigiLocker,i really disappointed because i uploaded iti marksheet and certificate but my passing year are not present in the app
DigiLocker,DOCUMENT FETCHING PROBLEM still problem is not solved,1,2026-04-25 11:28:14,DigiLocker,document fetching problem still problem is not solved
DigiLocker,good,5,2026-04-25 11:08:07,DigiLocker,good
DigiLocker,good e cents the updation,5,2026-04-25 08:23:12,DigiLocker,good e cents the updation
DigiLocker,easy to use and safe,5,2026-04-24 23:56:24,DigiLocker,easy to use and safe
DigiLocker,we can't download passport like original then what's the benifits of that second I am able to download my madhyamik marksheet but unable to download certificate even ration card content are older not updated or corrected. If it is a trusted app then why there is limited documents option why not all kinds of documents available here,3,2026-04-24 23:15:08,DigiLocker,we cant download passport like original then whats the benifits of that second i am able to download my madhyamik marksheet but unable to download certificate even ration card content are older not updated or corrected if it is a trusted app then why there is limited documents option why not all kinds of documents available here
DigiLocker,nice aapp,5,2026-04-24 22:45:54,DigiLocker,nice aapp
DigiLocker,good,5,2026-04-24 21:26:32,DigiLocker,good
DigiLocker,good,5,2026-04-24 20:09:37,DigiLocker,good
DigiLocker,nice,5,2026-04-24 19:25:54,DigiLocker,nice
DigiLocker,Bahut hi Gathiya server hai..... Monthly mein 4/5 baar login Krna padta hai..... same pin dene se v nahi hota hai,1,2026-04-24 18:54:21,DigiLocker,bahut hi gathiya server hai monthly mein 45 baar login krna padta hai same pin dene se v nahi hota hai
DigiLocker,shouldn't there be a document for vehicle pollution as we require it in all motor vehicles,5,2026-04-24 18:08:11,DigiLocker,shouldnt there be a document for vehicle pollution as we require it in all motor vehicles
DigiLocker,excellent,5,2026-04-24 17:10:12,DigiLocker,excellent
DigiLocker,good,3,2026-04-24 14:03:28,DigiLocker,good
DigiLocker,very useful 😃,5,2026-04-24 13:06:58,DigiLocker,very useful
DigiLocker,user friendly,5,2026-04-24 12:09:50,DigiLocker,user friendly
DigiLocker,my good wishes to you and your family members,5,2026-04-24 12:06:41,DigiLocker,my good wishes to you and your family members
DigiLocker,super 💯,5,2026-04-24 11:22:32,DigiLocker,super
DigiLocker,so nice,5,2026-04-24 09:38:14,DigiLocker,so nice
DigiLocker,excellent govt services,5,2026-04-24 02:14:03,DigiLocker,excellent govt services
DigiLocker,Good,5,2026-04-24 00:10:34,DigiLocker,good
DigiLocker,"While adding marksheet in DigiLocker, only one option of year is coming, only 2026",2,2026-04-23 23:26:36,DigiLocker,while adding marksheet in digilocker only one option of year is coming only 2026
DigiLocker,very useful app,1,2026-04-23 21:50:20,DigiLocker,very useful app
DigiLocker,adar card,1,2026-04-23 18:09:45,DigiLocker,adar card
DigiLocker,super,4,2026-04-23 17:46:35,DigiLocker,super
DigiLocker,no otp,2,2026-04-23 17:28:26,DigiLocker,no otp
DigiLocker,my results are less due to this app,5,2026-04-23 17:05:56,DigiLocker,my results are less due to this app
DigiLocker,Digilocker app very helpful app for everyone the app work under indian government,5,2026-04-23 16:05:05,DigiLocker,digilocker app very helpful app for everyone the app work under indian government
DigiLocker,very nice,4,2026-04-23 13:41:28,DigiLocker,very nice
DigiLocker,good,1,2026-04-23 13:33:24,DigiLocker,good
DigiLocker,very helpful 👌,4,2026-04-23 13:29:44,DigiLocker,very helpful
DigiLocker,this app doesn't properly work...,1,2026-04-23 13:06:59,DigiLocker,this app doesnt properly work
DigiLocker,nice,4,2026-04-23 12:49:43,DigiLocker,nice
DigiLocker,super,5,2026-04-23 12:17:48,DigiLocker,super
DigiLocker,Nice 👍,5,2026-04-23 11:10:18,DigiLocker,nice
DigiLocker,"This version is very much buggy, unable to select my state for Driving Licence doc update + Passport also",1,2026-04-23 08:58:57,DigiLocker,this version is very much buggy unable to select my state for driving licence doc update  passport also
DigiLocker,the app is not opened in my phone. I reinstall the app but again it can't open. the app closes when i click 'get started',2,2026-04-23 08:58:00,DigiLocker,the app is not opened in my phone i reinstall the app but again it cant open the app closes when i click get started
DigiLocker,to slow,2,2026-04-23 08:48:06,DigiLocker,to slow
DigiLocker,"app is good,but the updation is so disturbing,app will updated continuosly is so iritating😡",2,2026-04-23 08:44:19,DigiLocker,app is goodbut the updation is so disturbingapp will updated continuosly is so iritating
DigiLocker,why not accept whicle registration same name aadhar but not add,1,2026-04-22 23:50:14,DigiLocker,why not accept whicle registration same name aadhar but not add
DigiLocker,Very Nice,5,2026-04-22 22:42:56,DigiLocker,very nice
DigiLocker,best usefull app,4,2026-04-22 22:40:11,DigiLocker,best usefull app
DigiLocker,great,5,2026-04-22 22:25:05,DigiLocker,great
DigiLocker,Excellent service provider app.,5,2026-04-22 21:42:41,DigiLocker,excellent service provider app
DigiLocker,nice,5,2026-04-22 21:34:27,DigiLocker,nice
DigiLocker,excellence,5,2026-04-22 21:11:49,DigiLocker,excellence
DigiLocker,great,5,2026-04-22 20:36:11,DigiLocker,great
DigiLocker,not opening after download,1,2026-04-22 19:39:54,DigiLocker,not opening after download
DigiLocker,nice 🙂,4,2026-04-22 17:00:32,DigiLocker,nice
DigiLocker,good,4,2026-04-22 16:34:32,DigiLocker,good
DigiLocker,very useful app,5,2026-04-22 16:26:23,DigiLocker,very useful app
DigiLocker,this app does not provide my 12th class marksheet year of 2025,4,2026-04-22 16:09:46,DigiLocker,this app does not provide my 12th class marksheet year of 2025
DigiLocker,super,5,2026-04-22 13:45:54,DigiLocker,super
DigiLocker,not working,1,2026-04-22 12:51:40,DigiLocker,not working
DigiLocker,khul ni rha h stop likh rha h. why??,1,2026-04-22 12:39:28,DigiLocker,khul ni rha h stop likh rha h why
DigiLocker,good,5,2026-04-22 08:11:44,DigiLocker,good
DigiLocker,good,5,2026-04-22 07:06:22,DigiLocker,good
DigiLocker,"Can't find my RBSE 10th, 12th Marksheets, There is no option showing for Year 2022 & 2024 Marksheets Of Rajasthan Board.",3,2026-04-22 01:56:05,DigiLocker,cant find my rbse 10th 12th marksheets there is no option showing for year 2022  2024 marksheets of rajasthan board
DigiLocker,Why does this app need notifications & location permissions to 'work properly'?? i hate apps when they start asking for unnecessary permissions. now it seems more like a spy app than a normal app.,3,2026-04-22 00:34:36,DigiLocker,why does this app need notifications  location permissions to work properly i hate apps when they start asking for unnecessary permissions now it seems more like a spy app than a normal app
DigiLocker,"Facing problems while aadhar authentication, everytime asked for verify the username or aadhaar, I typed my aadhaar no.still says not verify. too much bugs and server issues like buffering. I can't want to seen my documents due to each and everytime asked for verify username I tried to verify but the app can't. please government developers fix it.",1,2026-04-22 00:14:00,DigiLocker,facing problems while aadhar authentication everytime asked for verify the username or aadhaar i typed my aadhaar nostill says not verify too much bugs and server issues like buffering i cant want to seen my documents due to each and everytime asked for verify username i tried to verify but the app cant please government developers fix it
DigiLocker,goog for nothing,1,2026-04-22 00:08:04,DigiLocker,goog for nothing
DigiLocker,not good service 😌,5,2026-04-21 22:40:39,DigiLocker,not good service
DigiLocker,very smooth,5,2026-04-21 19:43:13,DigiLocker,very smooth
DigiLocker,worst app I can't find my old account and there is no option of change to that account and when I created new account then it says your addhar is already registered under other account and they don't give any option of that to change and after 1-2 month they always delete account their own and if I forgot password then there is many problems created put your all documents pic in your gallery create another folder named documents this is better than this useless aap,1,2026-04-21 19:35:03,DigiLocker,worst app i cant find my old account and there is no option of change to that account and when i created new account then it says your addhar is already registered under other account and they dont give any option of that to change and after 12 month they always delete account their own and if i forgot password then there is many problems created put your all documents pic in your gallery create another folder named documents this is better than this useless aap
DigiLocker,hopeless aap,1,2026-04-21 19:02:44,DigiLocker,hopeless aap
UMANG,good,4,2026-05-16 17:09:41,UMANG,good
UMANG,veri good 😊,5,2026-05-16 17:09:00,UMANG,veri good
UMANG,Awesome,5,2026-05-16 17:08:23,UMANG,awesome
UMANG,good,5,2026-05-16 17:08:12,UMANG,good
UMANG,good,5,2026-05-16 17:04:04,UMANG,good
UMANG,good,5,2026-05-16 17:03:08,UMANG,good
UMANG,very good and helpful apps for all employees,5,2026-05-16 17:02:19,UMANG,very good and helpful apps for all employees
UMANG,good,5,2026-05-16 17:02:17,UMANG,good
UMANG,very good service,5,2026-05-16 17:02:07,UMANG,very good service
UMANG,super,5,2026-05-16 16:57:14,UMANG,super
UMANG,good and helpful,4,2026-05-16 16:57:13,UMANG,good and helpful
UMANG,good,4,2026-05-16 16:56:04,UMANG,good
UMANG,Nice app,5,2026-05-16 16:54:02,UMANG,nice app
UMANG,good,5,2026-05-16 16:54:00,UMANG,good
UMANG,good,5,2026-05-16 16:52:10,UMANG,good
UMANG,good,5,2026-05-16 16:51:23,UMANG,good
UMANG,good,4,2026-05-16 16:50:47,UMANG,good
UMANG,good,5,2026-05-16 16:50:06,UMANG,good
UMANG,good,5,2026-05-16 16:46:23,UMANG,good
UMANG,good,5,2026-05-16 16:46:01,UMANG,good
UMANG,very fast and secure safe u,5,2026-05-16 16:45:58,UMANG,very fast and secure safe u
UMANG,thank you,5,2026-05-16 16:45:46,UMANG,thank you
UMANG,good,5,2026-05-16 16:41:06,UMANG,good
UMANG,Excellent,5,2026-05-16 16:40:37,UMANG,excellent
UMANG,good,5,2026-05-16 16:39:18,UMANG,good
UMANG,good service,5,2026-05-16 16:37:44,UMANG,good service
UMANG,"very band EPFO SERVICES, PLEASE REDUCE 7TH PAY AND DO NOT BRING 8TH PAY AT ALL FOR these employees, i can do there work much better and faster open challenge..give me 1 month training i can do that..",1,2026-05-16 16:35:30,UMANG,very band epfo services please reduce 7th pay and do not bring 8th pay at all for these employees i can do there work much better and faster open challengegive me 1 month training i can do that
UMANG,very good👍,5,2026-05-16 16:34:20,UMANG,very good
UMANG,good,5,2026-05-16 16:34:15,UMANG,good
UMANG,very good,5,2026-05-16 16:34:05,UMANG,very good
UMANG,good,5,2026-05-16 16:33:41,UMANG,good
UMANG,good,5,2026-05-16 16:32:50,UMANG,good
UMANG,good work,5,2026-05-16 16:31:43,UMANG,good work
UMANG,nice,5,2026-05-16 16:31:14,UMANG,nice
UMANG,good 👍,5,2026-05-16 16:30:39,UMANG,good
UMANG,good,5,2026-05-16 16:30:01,UMANG,good
UMANG,good app,5,2026-05-16 16:28:53,UMANG,good app
UMANG,good,5,2026-05-16 16:28:41,UMANG,good
UMANG,good,4,2026-05-16 16:28:12,UMANG,good
UMANG,always technical difficulties to raise pf claims,1,2026-05-16 16:25:03,UMANG,always technical difficulties to raise pf claims
UMANG,nice,5,2026-05-16 16:23:34,UMANG,nice
UMANG,good aap,5,2026-05-16 16:19:46,UMANG,good aap
UMANG,very good 👍,5,2026-05-16 16:19:45,UMANG,very good
UMANG,Nice,5,2026-05-16 16:17:24,UMANG,nice
UMANG,good,3,2026-05-16 16:15:43,UMANG,good
UMANG,good,4,2026-05-16 16:14:17,UMANG,good
UMANG,good,1,2026-05-16 16:13:42,UMANG,good
UMANG,best,5,2026-05-16 16:12:57,UMANG,best
UMANG,good,5,2026-05-16 16:12:56,UMANG,good
UMANG,good,5,2026-05-16 16:11:52,UMANG,good
UMANG,nice,4,2026-05-16 16:11:18,UMANG,nice
UMANG,excellent,5,2026-05-16 16:11:10,UMANG,excellent
UMANG,good,5,2026-05-16 16:09:29,UMANG,good
UMANG,good 👍,4,2026-05-16 16:08:01,UMANG,good
UMANG,very good,5,2026-05-16 16:06:05,UMANG,very good
UMANG,thank you,5,2026-05-16 16:03:51,UMANG,thank you
UMANG,good,4,2026-05-16 16:03:50,UMANG,good
UMANG,good app,5,2026-05-16 16:02:40,UMANG,good app
UMANG,use full tha app very nice app 👌👌👌👌👌,5,2026-05-16 16:01:44,UMANG,use full tha app very nice app
UMANG,good,5,2026-05-16 16:00:43,UMANG,good
UMANG,Best Umang App,5,2026-05-16 16:00:15,UMANG,best umang app
UMANG,good,2,2026-05-16 15:59:40,UMANG,good
UMANG,nice 👍,5,2026-05-16 15:59:33,UMANG,nice
UMANG,very good,3,2026-05-16 15:57:58,UMANG,very good
UMANG,nice easy to access,4,2026-05-16 15:55:25,UMANG,nice easy to access
UMANG,the application is not even opening and the application is not able to handling the opening 📉📉📉📉📉📉💀💀💀💀💀💀,1,2026-05-16 15:53:25,UMANG,the application is not even opening and the application is not able to handling the opening
UMANG,good service,5,2026-05-16 15:52:00,UMANG,good service
UMANG,umang app good app but some time I use the epfo portal so let response,5,2026-05-16 15:49:36,UMANG,umang app good app but some time i use the epfo portal so let response
UMANG,good,2,2026-05-16 15:47:23,UMANG,good
UMANG,nice for support thank you,5,2026-05-16 15:46:43,UMANG,nice for support thank you
UMANG,good,5,2026-05-16 15:46:10,UMANG,good
UMANG,good,5,2026-05-16 15:44:53,UMANG,good
UMANG,good,5,2026-05-16 15:43:49,UMANG,good
UMANG,good,5,2026-05-16 15:43:44,UMANG,good
UMANG,best,4,2026-05-16 15:40:07,UMANG,best
UMANG,good 👍,5,2026-05-16 15:37:48,UMANG,good
UMANG,good,3,2026-05-16 15:32:50,UMANG,good
UMANG,nice,4,2026-05-16 15:32:46,UMANG,nice
UMANG,very nice,5,2026-05-16 15:29:50,UMANG,very nice
UMANG,good,5,2026-05-16 15:27:44,UMANG,good
UMANG,very good,5,2026-05-16 15:26:55,UMANG,very good
UMANG,super,5,2026-05-16 15:26:52,UMANG,super
UMANG,good,5,2026-05-16 15:24:48,UMANG,good
UMANG,excellent,5,2026-05-16 15:20:41,UMANG,excellent
UMANG,good,5,2026-05-16 15:20:08,UMANG,good
UMANG,good,5,2026-05-16 15:18:12,UMANG,good
UMANG,okok,1,2026-05-16 15:17:52,UMANG,okok
UMANG,best,5,2026-05-16 15:16:44,UMANG,best
UMANG,best,5,2026-05-16 15:15:39,UMANG,best
UMANG,very good and,5,2026-05-16 15:15:04,UMANG,very good and
UMANG,good,5,2026-05-16 15:14:30,UMANG,good
UMANG,super,5,2026-05-16 15:13:37,UMANG,super
UMANG,excellent,4,2026-05-16 15:13:19,UMANG,excellent
UMANG,good,3,2026-05-16 15:13:15,UMANG,good
UMANG,good wotks,4,2026-05-16 15:12:10,UMANG,good wotks
UMANG,very good,5,2026-05-16 15:11:23,UMANG,very good
UMANG,most beautiful my experience,5,2026-05-16 15:10:51,UMANG,most beautiful my experience
UMANG,good,5,2026-05-16 15:09:29,UMANG,good
UMANG,nice performance,5,2026-05-16 15:08:25,UMANG,nice performance
UMANG,good,5,2026-05-16 15:07:09,UMANG,good
UMANG,good,5,2026-05-16 15:03:39,UMANG,good
UMANG,late payment,5,2026-05-16 15:03:14,UMANG,late payment
UMANG,Nice app,5,2026-05-16 15:03:08,UMANG,nice app
UMANG,very good 👍,5,2026-05-16 15:02:19,UMANG,very good
UMANG,good servise,5,2026-05-16 15:01:28,UMANG,good servise
UMANG,good,5,2026-05-16 15:01:24,UMANG,good
UMANG,good,5,2026-05-16 14:59:24,UMANG,good
UMANG,good,5,2026-05-16 14:53:55,UMANG,good
UMANG,good,5,2026-05-16 14:53:17,UMANG,good
UMANG,super,5,2026-05-16 14:52:32,UMANG,super
UMANG,good,5,2026-05-16 14:51:47,UMANG,good
UMANG,this app is best,5,2026-05-16 14:51:22,UMANG,this app is best
UMANG,very nice,5,2026-05-16 14:50:40,UMANG,very nice
UMANG,goog,5,2026-05-16 14:50:35,UMANG,goog
UMANG,good,4,2026-05-16 14:45:53,UMANG,good
UMANG,good,5,2026-05-16 14:45:10,UMANG,good
UMANG,good,5,2026-05-16 14:44:52,UMANG,good
UMANG,osm,5,2026-05-16 14:40:35,UMANG,osm
UMANG,good sarvice,3,2026-05-16 14:39:23,UMANG,good sarvice
UMANG,All Good,5,2026-05-16 14:39:19,UMANG,all good
UMANG,good,2,2026-05-16 14:38:01,UMANG,good
UMANG,good 👍,5,2026-05-16 14:37:12,UMANG,good
UMANG,Nice,5,2026-05-16 14:36:23,UMANG,nice
UMANG,"not user friendly, if any options like view passbook is very delayed Like nonsense",2,2026-05-16 14:35:57,UMANG,not user friendly if any options like view passbook is very delayed like nonsense
UMANG,nice app great support.,5,2026-05-16 14:35:08,UMANG,nice app great support
UMANG,use this app,5,2026-05-16 14:35:01,UMANG,use this app
UMANG,good,5,2026-05-16 14:33:34,UMANG,good
UMANG,good 👍,5,2026-05-16 14:32:20,UMANG,good
UMANG,very helpful,4,2026-05-16 14:30:35,UMANG,very helpful
UMANG,good,3,2026-05-16 14:30:22,UMANG,good
UMANG,happy,5,2026-05-16 14:29:34,UMANG,happy
UMANG,nice,5,2026-05-16 14:29:12,UMANG,nice
UMANG,good 👍,5,2026-05-16 14:28:16,UMANG,good
UMANG,good,5,2026-05-16 14:28:15,UMANG,good
UMANG,excellent,5,2026-05-16 14:27:15,UMANG,excellent
UMANG,good,5,2026-05-16 14:26:26,UMANG,good
UMANG,good,5,2026-05-16 14:26:16,UMANG,good
UMANG,nice service,5,2026-05-16 14:20:54,UMANG,nice service
UMANG,good,2,2026-05-16 14:19:25,UMANG,good
UMANG,mast app and pf khata chalu huaa hy,5,2026-05-16 14:18:21,UMANG,mast app and pf khata chalu huaa hy
UMANG,great,5,2026-05-16 14:18:14,UMANG,great
UMANG,nice,5,2026-05-16 14:15:17,UMANG,nice
UMANG,good,5,2026-05-16 14:15:10,UMANG,good
UMANG,nice,5,2026-05-16 14:14:17,UMANG,nice
UMANG,good,5,2026-05-16 14:13:15,UMANG,good
UMANG,very good and useful,5,2026-05-16 14:13:13,UMANG,very good and useful
UMANG,all right,5,2026-05-16 14:09:54,UMANG,all right
UMANG,awesome,5,2026-05-16 14:09:11,UMANG,awesome
UMANG,good,5,2026-05-16 14:05:55,UMANG,good
UMANG,👍good,4,2026-05-16 14:02:20,UMANG,good
UMANG,good,5,2026-05-16 14:02:17,UMANG,good
UMANG,good,5,2026-05-16 14:02:16,UMANG,good
UMANG,this app is useful,5,2026-05-16 13:59:37,UMANG,this app is useful
UMANG,bast aap,5,2026-05-16 13:58:21,UMANG,bast aap
UMANG,Excellent,5,2026-05-16 13:56:25,UMANG,excellent
UMANG,nice App,5,2026-05-16 13:55:14,UMANG,nice app
UMANG,great apps providing so many detail of employee,5,2026-05-16 13:54:59,UMANG,great apps providing so many detail of employee
UMANG,good 👍,1,2026-05-16 13:54:48,UMANG,good
UMANG,good,4,2026-05-16 13:51:12,UMANG,good
UMANG,Good service,4,2026-05-16 13:50:13,UMANG,good service
UMANG,good,5,2026-05-16 13:50:01,UMANG,good
UMANG,ok good,5,2026-05-16 13:47:06,UMANG,ok good
UMANG,good,5,2026-05-16 13:46:59,UMANG,good
UMANG,excellent,5,2026-05-16 13:46:29,UMANG,excellent
UMANG,good,4,2026-05-16 13:44:41,UMANG,good
UMANG,nice,5,2026-05-16 13:44:35,UMANG,nice
UMANG,good,5,2026-05-16 13:43:54,UMANG,good
UMANG,🫶 happy,5,2026-05-16 13:43:51,UMANG,happy
UMANG,good,5,2026-05-16 13:39:54,UMANG,good
UMANG,good,5,2026-05-16 13:37:21,UMANG,good
UMANG,good,5,2026-05-16 13:35:51,UMANG,good
UMANG,nice,5,2026-05-16 13:34:57,UMANG,nice
UMANG,good,5,2026-05-16 13:34:25,UMANG,good
UMANG,nice 1,5,2026-05-16 13:34:22,UMANG,nice 1
UMANG,i love this app,5,2026-05-16 13:33:27,UMANG,i love this app
UMANG,good,3,2026-05-16 13:33:26,UMANG,good
UMANG,wow 😲,5,2026-05-16 13:32:39,UMANG,wow
UMANG,good,5,2026-05-16 13:28:53,UMANG,good
UMANG,nice👌,5,2026-05-16 13:28:46,UMANG,nice
UMANG,very good,5,2026-05-16 13:26:56,UMANG,very good
UMANG,good,5,2026-05-16 13:26:35,UMANG,good
UMANG,app not opening,1,2026-05-16 13:25:40,UMANG,app not opening
UMANG,good,5,2026-05-16 13:22:16,UMANG,good
UMANG,good,4,2026-05-16 13:19:46,UMANG,good
UMANG,nice,5,2026-05-16 13:19:41,UMANG,nice
UMANG,good,5,2026-05-16 13:18:56,UMANG,good
UMANG,awesome,5,2026-05-16 13:18:07,UMANG,awesome
UMANG,bahut achcha,5,2026-05-16 13:17:29,UMANG,bahut achcha
UMANG,good app,5,2026-05-16 13:17:23,UMANG,good app
UMANG,app is hacking software issues please update check the app application s employees Data private security please 🙏🏻,3,2026-05-16 13:13:30,UMANG,app is hacking software issues please update check the app application s employees data private security please
UMANG,usefull,5,2026-05-16 13:12:48,UMANG,usefull
UMANG,nice,5,2026-05-16 13:12:17,UMANG,nice
UMANG,good and service,5,2026-05-16 13:12:07,UMANG,good and service
UMANG,best,5,2026-05-16 13:11:21,UMANG,best
UMANG,good,5,2026-05-16 13:08:34,UMANG,good
UMANG,hii this app useful good,5,2026-05-16 13:07:34,UMANG,hii this app useful good
UMANG,super,5,2026-05-16 13:06:56,UMANG,super
UMANG,nice,5,2026-05-16 13:05:54,UMANG,nice
UMANG,nice 🙂,2,2026-05-16 13:04:06,UMANG,nice
UMANG,good,5,2026-05-16 13:02:53,UMANG,good
UMANG,best,5,2026-05-16 12:55:22,UMANG,best
UMANG,very good apps,5,2026-05-16 12:54:46,UMANG,very good apps
UMANG,good,5,2026-05-16 12:54:26,UMANG,good
UMANG,good,5,2026-05-16 12:53:50,UMANG,good
UMANG,very good apps,5,2026-05-16 12:52:20,UMANG,very good apps
UMANG,good,5,2026-05-16 12:51:26,UMANG,good
UMANG,Bank a/c KYC karna tha kintu app par KYC karne ka option hi nahi khulta hai,2,2026-05-16 12:51:03,UMANG,bank ac kyc karna tha kintu app par kyc karne ka option hi nahi khulta hai
UMANG,super,5,2026-05-16 12:50:07,UMANG,super
UMANG,Best app.,5,2026-05-16 12:49:59,UMANG,best app
UMANG,good,1,2026-05-16 12:48:56,UMANG,good
UMANG,excellent,5,2026-05-16 12:47:35,UMANG,excellent
UMANG,good,5,2026-05-16 12:46:19,UMANG,good
UMANG,good,5,2026-05-16 12:45:54,UMANG,good
UMANG,nice service,5,2026-05-16 12:45:42,UMANG,nice service
UMANG,good,5,2026-05-16 12:42:56,UMANG,good
UMANG,superb,5,2026-05-16 12:41:50,UMANG,superb
UMANG,good,4,2026-05-16 12:41:19,UMANG,good
UMANG,good,5,2026-05-16 12:41:14,UMANG,good
UMANG,nice,4,2026-05-16 12:41:10,UMANG,nice
UMANG,excellent,5,2026-05-16 12:40:56,UMANG,excellent
UMANG,always shows technical issue,1,2026-05-16 12:40:07,UMANG,always shows technical issue
UMANG,best,5,2026-05-16 12:36:38,UMANG,best
UMANG,it's good for employees,4,2026-05-16 12:34:50,UMANG,its good for employees
UMANG,good,4,2026-05-16 12:34:38,UMANG,good
UMANG,good,5,2026-05-16 12:34:11,UMANG,good
UMANG,nice,4,2026-05-16 12:33:44,UMANG,nice
UMANG,good,4,2026-05-16 12:32:58,UMANG,good
UMANG,Need some simple steps to understand,5,2026-05-16 12:32:10,UMANG,need some simple steps to understand
UMANG,Best,5,2026-05-16 12:31:59,UMANG,best
UMANG,great,5,2026-05-16 12:27:57,UMANG,great
UMANG,nice,4,2026-05-16 12:26:50,UMANG,nice
UMANG,nice app,5,2026-05-16 12:26:04,UMANG,nice app
UMANG,nice 👍,5,2026-05-16 12:25:56,UMANG,nice
UMANG,Good,5,2026-05-16 12:24:11,UMANG,good
UMANG,good,5,2026-05-16 12:22:43,UMANG,good
UMANG,All in one 👍❤,5,2026-05-16 12:20:49,UMANG,all in one
UMANG,good,5,2026-05-16 12:18:35,UMANG,good
UMANG,good,5,2026-05-16 12:18:27,UMANG,good
UMANG,not working app PF passbook not working bad bahut slow chalta hai aur work nahin kar raha hai,1,2026-05-16 12:18:19,UMANG,not working app pf passbook not working bad bahut slow chalta hai aur work nahin kar raha hai
UMANG,good,3,2026-05-16 12:16:48,UMANG,good
UMANG,Nice,5,2026-05-16 12:16:33,UMANG,nice
UMANG,good 👍👍👍,5,2026-05-16 12:12:21,UMANG,good
UMANG,super,5,2026-05-16 12:07:55,UMANG,super
UMANG,okk,5,2026-05-16 12:05:44,UMANG,okk
UMANG,ok ok hy,4,2026-05-16 12:05:38,UMANG,ok ok hy
UMANG,super,5,2026-05-16 12:05:21,UMANG,super
UMANG,thank you,5,2026-05-16 12:03:54,UMANG,thank you
UMANG,best,5,2026-05-16 12:03:23,UMANG,best
UMANG,good,5,2026-05-16 12:02:15,UMANG,good
UMANG,good,5,2026-05-16 12:01:58,UMANG,good
UMANG,good,5,2026-05-16 12:01:43,UMANG,good
UMANG,Very helpful but .,3,2026-05-16 12:01:37,UMANG,very helpful but
UMANG,Good,5,2026-05-16 11:59:13,UMANG,good
UMANG,very good,5,2026-05-16 11:57:02,UMANG,very good
UMANG,nice,5,2026-05-16 11:56:22,UMANG,nice
UMANG,nice app,5,2026-05-16 11:50:02,UMANG,nice app
UMANG,good,5,2026-05-16 11:48:28,UMANG,good
UMANG,good,5,2026-05-16 11:48:05,UMANG,good
UMANG,good,5,2026-05-16 11:48:04,UMANG,good
UMANG,perfect👍💯,5,2026-05-16 11:47:14,UMANG,perfect
UMANG,nice,5,2026-05-16 11:46:23,UMANG,nice
UMANG,"Update - Can only view epfo passbooks, but cant update nominee details. Website has been broken since last 2 years. Every time randomly I check the website to login and update the nominee, the website doesn't even load and doesn't even have https connection.",1,2026-05-16 11:43:13,UMANG,update  can only view epfo passbooks but cant update nominee details website has been broken since last 2 years every time randomly i check the website to login and update the nominee the website doesnt even load and doesnt even have https connection
UMANG,very good 👍👍👍👍👍👍👍,5,2026-05-16 11:43:09,UMANG,very good
UMANG,nice,2,2026-05-16 11:40:54,UMANG,nice
UMANG,best,5,2026-05-16 11:40:36,UMANG,best
UMANG,nice app,5,2026-05-16 11:40:01,UMANG,nice app
UMANG,good aps,5,2026-05-16 11:38:11,UMANG,good aps
UMANG,super,5,2026-05-16 11:36:30,UMANG,super
UMANG,good,5,2026-05-16 11:35:47,UMANG,good
UMANG,Good,5,2026-05-16 11:34:51,UMANG,good
UMANG,good,5,2026-05-16 11:34:20,UMANG,good
UMANG,good,5,2026-05-16 11:27:56,UMANG,good
UMANG,good 👍,3,2026-05-16 11:25:36,UMANG,good
UMANG,soperb,5,2026-05-16 11:24:19,UMANG,soperb
UMANG,good job,5,2026-05-16 11:24:07,UMANG,good job
UMANG,nice,5,2026-05-16 11:23:48,UMANG,nice
UMANG,Good Service,5,2026-05-16 11:23:25,UMANG,good service
UMANG,worst,1,2026-05-16 11:23:09,UMANG,worst
UMANG,very good,4,2026-05-16 11:22:46,UMANG,very good
UMANG,good,5,2026-05-16 11:20:02,UMANG,good
UMANG,good,5,2026-05-16 11:19:19,UMANG,good
UMANG,this is very good app for pf passbook chek,5,2026-05-16 11:19:09,UMANG,this is very good app for pf passbook chek
UMANG,good,4,2026-05-16 11:19:03,UMANG,good
UMANG,good,5,2026-05-16 11:18:48,UMANG,good
UMANG,good,5,2026-05-16 11:17:55,UMANG,good
UMANG,nice,4,2026-05-16 11:17:08,UMANG,nice
UMANG,good,5,2026-05-16 11:13:08,UMANG,good
UMANG,good 👍,5,2026-05-16 11:12:07,UMANG,good
UMANG,Good,5,2026-05-16 11:11:01,UMANG,good
UMANG,nice,5,2026-05-16 11:09:32,UMANG,nice
UMANG,nice,5,2026-05-16 11:04:48,UMANG,nice
UMANG,good,5,2026-05-16 11:03:57,UMANG,good
UMANG,nice,4,2026-05-16 11:03:02,UMANG,nice
UMANG,best application,5,2026-05-16 11:02:13,UMANG,best application
UMANG,not good,1,2026-05-16 11:00:13,UMANG,not good
UMANG,thank you 😊😊😊,5,2026-05-16 10:58:48,UMANG,thank you
UMANG,good,2,2026-05-16 10:57:23,UMANG,good
UMANG,very good,5,2026-05-16 10:54:57,UMANG,very good
UMANG,good to use,4,2026-05-16 10:54:30,UMANG,good to use
UMANG,good app,5,2026-05-16 10:53:19,UMANG,good app
UMANG,Good,4,2026-05-16 10:51:50,UMANG,good
UMANG,nice work,5,2026-05-16 10:49:14,UMANG,nice work
UMANG,nice,5,2026-05-16 10:48:00,UMANG,nice
UMANG,super,5,2026-05-16 10:45:48,UMANG,super
UMANG,very nice,5,2026-05-16 10:45:32,UMANG,very nice
UMANG,very good very easy,5,2026-05-16 10:45:29,UMANG,very good very easy
UMANG,good,5,2026-05-16 10:45:00,UMANG,good
UMANG,super,1,2026-05-16 10:44:48,UMANG,super
UMANG,nice,5,2026-05-16 10:44:39,UMANG,nice
UMANG,good,4,2026-05-16 10:41:02,UMANG,good
UMANG,good,5,2026-05-16 10:40:18,UMANG,good
UMANG,good,5,2026-05-16 10:40:15,UMANG,good
UMANG,veri good,4,2026-05-16 10:39:40,UMANG,veri good
UMANG,good,5,2026-05-16 10:38:56,UMANG,good
UMANG,good,5,2026-05-16 10:37:22,UMANG,good
UMANG,good,4,2026-05-16 10:36:01,UMANG,good
UMANG,good,5,2026-05-16 10:34:59,UMANG,good
UMANG,wow,4,2026-05-16 10:34:17,UMANG,wow
UMANG,good,1,2026-05-16 10:33:45,UMANG,good
UMANG,good,5,2026-05-16 10:33:22,UMANG,good
UMANG,nice,5,2026-05-16 10:32:31,UMANG,nice
UMANG,very good,5,2026-05-16 10:26:29,UMANG,very good
UMANG,nice 👍,5,2026-05-16 10:25:52,UMANG,nice
UMANG,Good,4,2026-05-16 10:25:03,UMANG,good
UMANG,good app,5,2026-05-16 10:22:14,UMANG,good app
UMANG,good,4,2026-05-16 10:20:52,UMANG,good
UMANG,thank you umang,5,2026-05-16 10:15:48,UMANG,thank you umang
UMANG,Good,5,2026-05-16 10:11:59,UMANG,good
UMANG,good,5,2026-05-16 10:11:39,UMANG,good
UMANG,good,5,2026-05-16 10:11:19,UMANG,good
UMANG,nice,5,2026-05-16 10:10:07,UMANG,nice
UMANG,good,5,2026-05-16 10:09:47,UMANG,good
UMANG,number 1 good,5,2026-05-16 10:08:15,UMANG,number 1 good
UMANG,Better,5,2026-05-16 10:08:05,UMANG,better
UMANG,good,5,2026-05-16 10:07:22,UMANG,good
UMANG,good,4,2026-05-16 10:07:10,UMANG,good
UMANG,best service in umang and added you contact to authority new option add,5,2026-05-16 10:05:36,UMANG,best service in umang and added you contact to authority new option add
UMANG,nice app,5,2026-05-16 10:05:18,UMANG,nice app
UMANG,osam,5,2026-05-16 10:02:42,UMANG,osam
UMANG,good,5,2026-05-16 10:02:22,UMANG,good
UMANG,good,3,2026-05-16 10:00:11,UMANG,good
UMANG,Excellent,5,2026-05-16 09:56:03,UMANG,excellent
UMANG,good m,4,2026-05-16 09:54:06,UMANG,good m
UMANG,excellent app I always used,5,2026-05-16 09:53:45,UMANG,excellent app i always used
UMANG,super 😍,5,2026-05-16 09:53:23,UMANG,super
UMANG,good,5,2026-05-16 09:53:21,UMANG,good
UMANG,khub valo app,5,2026-05-16 09:52:44,UMANG,khub valo app
UMANG,good,5,2026-05-16 09:51:56,UMANG,good
UMANG,good,4,2026-05-16 09:51:22,UMANG,good
UMANG,Thank you for,5,2026-05-16 09:50:22,UMANG,thank you for
UMANG,smile 😍,1,2026-05-16 09:50:18,UMANG,smile
UMANG,good,5,2026-05-16 09:49:36,UMANG,good
UMANG,Good 👍,3,2026-05-16 09:49:32,UMANG,good
UMANG,good,5,2026-05-16 09:48:36,UMANG,good
UMANG,great,5,2026-05-16 09:48:18,UMANG,great
UMANG,excellent,5,2026-05-16 09:47:56,UMANG,excellent
UMANG,good 👍,5,2026-05-16 09:47:25,UMANG,good
UMANG,good,5,2026-05-16 09:46:19,UMANG,good
UMANG,good app,5,2026-05-16 09:43:26,UMANG,good app
UMANG,not bad,3,2026-05-16 09:42:49,UMANG,not bad
UMANG,very good,5,2026-05-16 09:42:14,UMANG,very good
UMANG,Good,5,2026-05-16 09:41:16,UMANG,good
UMANG,very good,4,2026-05-16 09:40:49,UMANG,very good
UMANG,nice,5,2026-05-16 09:40:15,UMANG,nice
UMANG,good,2,2026-05-16 09:40:12,UMANG,good
UMANG,Nice,4,2026-05-16 09:39:43,UMANG,nice
UMANG,nice,5,2026-05-16 09:36:07,UMANG,nice
UMANG,good,1,2026-05-16 09:35:13,UMANG,good
UMANG,good 👍,5,2026-05-16 09:34:39,UMANG,good
UMANG,"All in One, Superb 👍",5,2026-05-16 09:34:19,UMANG,all in one superb
UMANG,Very useful and time save. Good experience,5,2026-05-16 09:34:10,UMANG,very useful and time save good experience
UMANG,so good,5,2026-05-16 09:32:51,UMANG,so good
UMANG,very nice,5,2026-05-16 09:32:45,UMANG,very nice
UMANG,nice,1,2026-05-16 09:23:56,UMANG,nice
UMANG,Best' app,3,2026-05-16 09:23:22,UMANG,best app
UMANG,v good 👍,5,2026-05-16 09:21:11,UMANG,v good
UMANG,Good,5,2026-05-16 09:21:05,UMANG,good
UMANG,nice ☺️,5,2026-05-16 09:20:50,UMANG,nice
UMANG,good,1,2026-05-16 09:19:29,UMANG,good
UMANG,good,5,2026-05-16 09:17:35,UMANG,good
UMANG,super app,4,2026-05-16 09:17:22,UMANG,super app
UMANG,good,4,2026-05-16 09:17:16,UMANG,good
UMANG,good,5,2026-05-16 09:14:23,UMANG,good
UMANG,best,5,2026-05-16 09:14:20,UMANG,best
UMANG,very good,5,2026-05-16 09:14:04,UMANG,very good
UMANG,good,5,2026-05-16 09:13:52,UMANG,good
UMANG,Good,3,2026-05-16 09:13:43,UMANG,good
UMANG,good work,5,2026-05-16 09:13:14,UMANG,good work
UMANG,good,4,2026-05-16 09:10:39,UMANG,good
UMANG,good 😊,4,2026-05-16 09:09:37,UMANG,good
UMANG,very nice,5,2026-05-16 09:05:24,UMANG,very nice
UMANG,veer Good 😊,5,2026-05-16 09:03:08,UMANG,veer good
UMANG,very good,5,2026-05-16 09:02:09,UMANG,very good
UMANG,Good 👍,5,2026-05-16 09:01:45,UMANG,good
UMANG,very useful app,4,2026-05-16 09:01:28,UMANG,very useful app
UMANG,good,5,2026-05-16 09:01:25,UMANG,good
UMANG,very good experience,3,2026-05-16 08:59:12,UMANG,very good experience
UMANG,okay,5,2026-05-16 08:59:05,UMANG,okay
UMANG,easly to get details,4,2026-05-16 08:57:33,UMANG,easly to get details
UMANG,nic,5,2026-05-16 08:57:30,UMANG,nic
UMANG,good 👍,5,2026-05-16 08:56:49,UMANG,good
UMANG,good,5,2026-05-16 08:54:34,UMANG,good
UMANG,Bhadiya he pm,5,2026-05-16 08:53:35,UMANG,bhadiya he pm
UMANG,good,4,2026-05-16 08:51:31,UMANG,good
UMANG,thanks bahut achcha hai,3,2026-05-16 08:47:45,UMANG,thanks bahut achcha hai
UMANG,good😍🇮🇳🙏,5,2026-05-16 08:45:28,UMANG,good
UMANG,good service,5,2026-05-16 08:43:01,UMANG,good service
UMANG,nice,5,2026-05-16 08:42:46,UMANG,nice
UMANG,good,5,2026-05-16 08:42:07,UMANG,good
UMANG,satisfaction,5,2026-05-16 08:41:48,UMANG,satisfaction
UMANG,very helpful this app,5,2026-05-16 08:40:50,UMANG,very helpful this app
UMANG,osm,5,2026-05-16 08:39:25,UMANG,osm
UMANG,hello very nice,5,2026-05-16 08:39:01,UMANG,hello very nice
UMANG,garibo ke liye sandar kiya hai,5,2026-05-16 08:38:44,UMANG,garibo ke liye sandar kiya hai
UMANG,good,5,2026-05-16 08:36:46,UMANG,good
UMANG,good,4,2026-05-16 08:36:42,UMANG,good
UMANG,good,5,2026-05-16 08:35:37,UMANG,good
UMANG,good,5,2026-05-16 08:35:29,UMANG,good
UMANG,nice and very helpful,5,2026-05-16 08:34:58,UMANG,nice and very helpful
UMANG,good,5,2026-05-16 08:34:31,UMANG,good
UMANG,it very good service,5,2026-05-16 08:33:51,UMANG,it very good service
UMANG,very good,5,2026-05-16 08:33:37,UMANG,very good
UMANG,good,5,2026-05-16 08:30:15,UMANG,good
UMANG,good,5,2026-05-16 08:26:50,UMANG,good
UMANG,good,5,2026-05-16 08:21:39,UMANG,good
UMANG,very nice,5,2026-05-16 08:20:28,UMANG,very nice
UMANG,good 👍,5,2026-05-16 08:20:26,UMANG,good
UMANG,good,4,2026-05-16 08:18:10,UMANG,good
UMANG,Useful App...and user friendly,3,2026-05-16 08:13:21,UMANG,useful appand user friendly
UMANG,Best app,5,2026-05-16 08:10:52,UMANG,best app
UMANG,good,4,2026-05-16 08:10:47,UMANG,good
UMANG,good,5,2026-05-16 08:06:12,UMANG,good
UMANG,Excellent Excellent,5,2026-05-16 08:05:51,UMANG,excellent excellent
UMANG,good,5,2026-05-16 08:01:16,UMANG,good
UMANG,veri nice,5,2026-05-16 08:00:07,UMANG,veri nice
UMANG,good,5,2026-05-16 07:55:36,UMANG,good
UMANG,very good,5,2026-05-16 07:49:47,UMANG,very good
UMANG,good,5,2026-05-16 07:49:18,UMANG,good
UMANG,very good,5,2026-05-16 07:46:31,UMANG,very good
UMANG,Umang achcha hai,5,2026-05-16 07:46:08,UMANG,umang achcha hai
UMANG,nice app,5,2026-05-16 07:42:18,UMANG,nice app
UMANG,Thanks Esic,5,2026-05-16 07:40:58,UMANG,thanks esic
UMANG,Nice,4,2026-05-16 07:40:44,UMANG,nice
UMANG,super,4,2026-05-16 07:40:22,UMANG,super
UMANG,good,5,2026-05-16 07:37:48,UMANG,good
UMANG,good,5,2026-05-16 07:32:44,UMANG,good
UMANG,like,5,2026-05-16 07:32:30,UMANG,like
UMANG,ok kk,1,2026-05-16 07:29:12,UMANG,ok kk
UMANG,good,5,2026-05-16 07:24:39,UMANG,good
UMANG,good,4,2026-05-16 07:23:10,UMANG,good
UMANG,wow,4,2026-05-16 07:21:34,UMANG,wow
UMANG,good 👍,5,2026-05-16 07:18:09,UMANG,good
UMANG,super,5,2026-05-16 07:17:50,UMANG,super
UMANG,Not updated. still not got right information,2,2026-05-16 07:16:35,UMANG,not updated still not got right information
UMANG,good,5,2026-05-16 07:15:17,UMANG,good
UMANG,good,5,2026-05-16 07:11:38,UMANG,good
